Workbook

Sheet 통계
B2: 영역 | C2: 분야 | E2: 항목수 | F2: 운영여부
F3: Y | G3: N | H3: N/A
B4: 1.관리체계 수립 및 운영 | C4: 1.1. | D4: 관리체계 기반 마련 | E4: =SUM(F4:H4) -> 6 | F4: =COUNTIF('ISMS-P'!G6:$G$11,"Y") -> 6 | G4: =COUNTIF('ISMS-P'!$G6:H$11,"N") -> 0 | H4: =COUNTIF('ISMS-P'!$G6:I$11,"N/A") -> 0
C5: 1.2. | D5: 위험 관리 | E5: =SUM(F5:H5) -> 4 | F5: =COUNTIF('ISMS-P'!$G$12:$G$15,"Y") -> 4 | G5: =COUNTIF('ISMS-P'!$G$12:$G$15,"N") -> 0 | H5: =COUNTIF('ISMS-P'!$G$12:$G$15,"N/A") -> 0
C6: 1.3. | D6: 관리체계 운영 | E6: =SUM(F6:H6) -> 3 | F6: =COUNTIF('ISMS-P'!$G$16:$G$18,"Y") -> 3 | G6: =COUNTIF('ISMS-P'!$G$16:$G$18,"N") -> 0 | H6: =COUNTIF('ISMS-P'!$G$16:$G$18,"N/A") -> 0
C7: 1.4. | D7: 관리체계 점검 및 개선 | E7: =SUM(F7:H7) -> 3 | F7: =COUNTIF('ISMS-P'!$G$19:$G$21,"Y") -> 3 | G7: =COUNTIF('ISMS-P'!$G$19:$G$21,"N") -> 0 | H7: =COUNTIF('ISMS-P'!$G$19:$G$21,"N/A") -> 0
C8: 소계 | E8: =SUM(E4:E7) -> 16 | F8: =SUM(F4:F7) -> 16 | G8: =SUM(G4:G7) -> 0 | H8: =SUM(H4:H7) -> 0
B9: 2. 보호대책 요구사항 | C9: 2.1. | D9: 정책, 조직, 자산 관리 | E9: =SUM(F9:H9) -> 3 | F9: =COUNTIF('ISMS-P'!$G$23:$G$25,"Y") -> 3 | G9: =COUNTIF('ISMS-P'!$G$23:$G$25,"N") -> 0 | H9: =COUNTIF('ISMS-P'!$G$23:$G$25,"N/A") -> 0
C10: 2.2. | D10: 인적 보안 | E10: =SUM(F10:H10) -> 6 | F10: =COUNTIF('ISMS-P'!$G$26:$G$31,"Y") -> 6 | G10: =COUNTIF('ISMS-P'!$G$26:$G$31,"N") -> 0 | H10: =COUNTIF('ISMS-P'!$G$26:$G$31,"N/A") -> 0
C11: 2.3. | D11: 외부자 보안 | E11: =SUM(F11:H11) -> 4 | F11: =COUNTIF('ISMS-P'!$G$32:$G$35,"Y") -> 4 | G11: =COUNTIF('ISMS-P'!$G$32:$G$35,"N") -> 0 | H11: =COUNTIF('ISMS-P'!$G$32:$G$35,"N/A") -> 0
C12: 2.4. | D12: 물리 보안 | E12: =SUM(F12:H12) -> 7 | F12: =COUNTIF('ISMS-P'!$G$36:$G$42,"Y") -> 7 | G12: =COUNTIF('ISMS-P'!$G$36:$G$42,"N") -> 0 | H12: =COUNTIF('ISMS-P'!$G$36:$G$42,"N/A") -> 0
C13: 2.5. | D13: 인증 및 권한관리 | E13: =SUM(F13:H13) -> 6 | F13: =COUNTIF('ISMS-P'!$G$43:$G$48,"Y") -> 6 | G13: =COUNTIF('ISMS-P'!$G$43:$G$48,"N") -> 0 | H13: =COUNTIF('ISMS-P'!$G$43:$G$48,"N/A") -> 0
C14: 2.6. | D14: 접근통제 | E14: =SUM(F14:H14) -> 7 | F14: =COUNTIF('ISMS-P'!$G$49:$G$55,"Y") -> 7 | G14: =COUNTIF('ISMS-P'!$G$49:$G$55,"N") -> 0 | H14: =COUNTIF('ISMS-P'!$G$49:$G$55,"N/A") -> 0
C15: 2.7. | D15: 암호화 적용 | E15: =SUM(F15:H15) -> 2 | F15: =COUNTIF('ISMS-P'!$G$56:$G$57,"Y") -> 2 | G15: =COUNTIF('ISMS-P'!$G$56:$G$57,"N") -> 0 | H15: =COUNTIF('ISMS-P'!$G$56:$G$57,"N/A") -> 0
C16: 2.8. | D16: 정보시스템 도입 및 개발 보안 | E16: =SUM(F16:H16) -> 6 | F16: =COUNTIF('ISMS-P'!$G$58:$G$63,F3) -> 6 | G16: =COUNTIF('ISMS-P'!$G$58:$G$63,G3) -> 0 | H16: =COUNTIF('ISMS-P'!$G$58:$G$63,H3) -> 0
C17: 2.9. | D17: 시스템 및 서비스 운영관리 | E17: =SUM(F17:H17) -> 7 | F17: =COUNTIF('ISMS-P'!$G$64:$G$70,F3) -> 7 | G17: =COUNTIF('ISMS-P'!$G$64:$G$70,G3) -> 0 | H17: =COUNTIF('ISMS-P'!$G$64:$G$70,H3) -> 0
C18: 2.10. | D18: 시스템 및 서비스 보안관리 | E18: =SUM(F18:H18) -> 9 | F18: =COUNTIF('ISMS-P'!$G$71:$G$79,F3) -> 8 | G18: =COUNTIF('ISMS-P'!$G$71:$G$79,G3) -> 0 | H18: =COUNTIF('ISMS-P'!$G$71:$G$79,H3) -> 1
C19: 2.11. | D19: 사고 예방 및 대응 | E19: =SUM(F19:H19) -> 5 | F19: =COUNTIF('ISMS-P'!$G$80:$G$84,F3) -> 5 | G19: =COUNTIF('ISMS-P'!$G$80:$G$84,G3) -> 0 | H19: =COUNTIF('ISMS-P'!$G$80:$G$84,H3) -> 0
C20: 2.12. | D20: 재해복구 | E20: =SUM(F20:H20) -> 2 | F20: =COUNTIF('ISMS-P'!$G$85:$G$86,F3) -> 2 | G20: =COUNTIF('ISMS-P'!$G$85:$G$86,G3) -> 0 | H20: =COUNTIF('ISMS-P'!$G$85:$G$86,H3) -> 0
C21: 소계 | E21: =SUM(E9:E20) -> 64 | F21: =SUM(F9:F20) -> 63 | G21: =SUM(G9:G20) -> 0 | H21: =SUM(H9:H20) -> 1
B22: 3. 개인정보 처리단계별 요구사항 | C22: 3.1. | D22: 개인정보 수집 시 보호조치 | E22: =SUM(F22:H22) -> 7 | F22: =COUNTIF('ISMS-P'!$G$88:$G$94,"Y") -> 5 | G22: =COUNTIF('ISMS-P'!$G$88:$G$94,"N") -> 0 | H22: =COUNTIF('ISMS-P'!$G$88:$G$94,"N/A") -> 2
C23: 3.2. | D23: 개인정보 보유 및 이용 시 보호조치 | E23: =SUM(F23:H23) -> 5 | F23: =COUNTIF('ISMS-P'!$G$95:$G$99,"Y") -> 2 | G23: =COUNTIF('ISMS-P'!$G$95:$G$99,"N") -> 0 | H23: =COUNTIF('ISMS-P'!$G$95:$G$99,"N/A") -> 3
C24: 3.3. | D24: 개인정보 제공 시 보호조치 | E24: =SUM(F24:H24) -> 4 | F24: =COUNTIF('ISMS-P'!$G$100:$G$103,"Y") -> 1 | G24: =COUNTIF('ISMS-P'!$G$100:$G$103,"N") -> 0 | H24: =COUNTIF('ISMS-P'!$G$100:$G$103,"N/A") -> 3
C25: 3.4. | D25: 개인정보 파기 시 보호조치 | E25: =SUM(F25:H25) -> 2 | F25: =COUNTIF('[1]ISMS-P'!$G$104:$G$105,F3) -> 2 | G25: =COUNTIF('[1]ISMS-P'!$G$104:$G$105,G3) -> 0 | H25: =COUNTIF('[1]ISMS-P'!$G$104:$G$105,H3) -> 0
C26: 3.5. | D26: 정보주체 권리보호 | E26: =SUM(F26:H26) -> 3 | F26: =COUNTIF('[1]ISMS-P'!$G$106:$G$108,F3) -> 2 | G26: =COUNTIF('[1]ISMS-P'!$G$106:$G$108,G3) -> 0 | H26: =COUNTIF('[1]ISMS-P'!$G$106:$G$108,H3) -> 1
C27: 소계 | E27: =SUM(E22:E26) -> 21 | F27: =SUM(F22:F26) -> 12 | G27: =SUM(G22:G26) -> 0 | H27: =SUM(H22:H26) -> 9
B28: 총계 | E28: =E8+E21+E27 -> 101 | F28: =F8+F21+F27 -> 91 | G28: =G8+G21+G27 -> 0 | H28: =H8+H21+H27 -> 10

Sheet ISMS-P
B2: ISMS-P 운영명세서(기업명 : 신한DS)
B4: 분야 | D4: 항목 | F4: 상세내용 | G4: ①운영여부 | H4: ②인증 구분 | I4: ③운영현황 (또는 미선택사유) | J4: ④관련문서 (정책, 지침 등 세부조항번호까지) | K4: ⑤기록 (증적자료)
B5: 가. 관리체계 수립 및 운영
B6: 1.1. | C6: 관리체계 기반 마련 | D6: 1.1.1 | E6: 경영진의 참여 | F6: 최고경영자는 정보보호 및 개인정보보호 관리체계의 수립과 운영활동 전반에 경영진의 참여가 이루어질 수 있도록 보고 및 의사결정 체계를 수립하여 운영하여야 한다. | G6: Y | H6: ISMS-P | I6: ▶최고책임자는 회사의 정보보호 및 개인정보보호가 이루어질 수 있도록 정보보호 조직(부서)을 구성하고 있으며, 정보보호 관리체계를 구축하기 위한 정보보호관리규정의 제·개정 사항을 승인하고 있음 ※ 아래의 사항에 대해서 최고책임자에게 보고하고 있음 - 정보보호위원회 결과(정보기술 부문 계획, 정보보호 정책 개정, 연간 정보보호 운영 계획 등) - 정보보호 운영 활동(정보보호의 날, 개인정보/퇴사자 모니터링 등) | J6: 「정보보안관리지침」 제4조(정보보호 주관부서 구성) ①항 제12조(정보보호위원회) ⑤항 제13조(정보보호 정책 수립) ④항 제17조(정보기술부문 계획 보고) ②항 제18조(정보보호의 날 운영) ②항 | K6: - 정보보호 조직도(전사 포함) - 정보보보위원회 결과 보고 - 정보보호 규정/지침 개정 품의 - 정보보호 절차서 개정 품의 - 월간보안활동 보고
D7: 1.1.2 | E7: 최고책임자의 지정 | F7: 최고경영자는 정보보호 업무를 총괄하는 정보보호 최고책임자와 개인정보보호 업무를 총괄하는 개인정보보호 책임자를 예산·인력 등 자원을 할당할 수 있는 임원급으로 지정하여야 한다. | G7: Y | H7: ISMS-P | I7: 정보보호최고책임자/개인정보보호책임자는 정보보호 주관본부의 본부장으로 임명하고 있으며, 최고경영자의 권한을 일부 위임받아 정보보호를 위한 예산과 인력을 승인할 수 있음 ※ 정보보호최고책임자와 개인정보보호책임자는 정보보호본부 본부장이 겸직하고 있음 | J7: 「정보보안관리지침」 제6조(정보보호최고책임자) ①항, ④항 「개인정보보호관리지침」 제4조(개인정보보호책임자) ①항 | K7: - 직제규정 - 임원 및 본부장 업무분장 안내 - CISO_지정승인
D8: 1.1.3 | E8: 조직 구성 | F8: 최고경영자는 정보보호와 개인정보보호의 효과적 구현을 위한 실무조직, 조직 전반의 정보보호와 개인정보보호 관련 주요 사항을 검토 및 의결할 수 있는 위원회, 전사적 보호활동을 위한 부서별 정보보호와 개인정보보호 담당자로 구성된 협의체를 구성하여 운영하여야 한다. | G8: Y | H8: ISMS-P | I8: 정보보호 및 개인정보보호의 실무적인 사항을 조정하기 위해 정보보호실무협의회((개인)정보보호담당자로 구성)를 구성/운영하며, 정보보호위원회((개인)정보보호관리자로 구성)를 통해 정보보호에 관한사항을 심의·의결·보고 하고 있음 - 각 부서별 (개인)정보보호관리자 및 담당자를 지정하여 정보보호 관리체계를 운영하고 있음 | J8: 「정보보안관리지침」 제7조(정보보호관리자) 제8조(정보보호담당자) 제9조(부서정보보호관리자) 제10조(부서정보보호담당자) 제11조(정보보호실무협의회) ①항, ②항 제12조(정보보호위원회) ①항,②항 「개인정보보호관리지침」 제5조(개인정보보호관리자) 제6조(개인정보보호담당자) 제7조(개인정보 취급부서장) 제8조(개인정보보호 조직) | K8: - 정보보호위원회 결과 보고 - 정보보호실무협의회
D9: 1.1.4 | E9: 범위 설정 | F9: 조직의 핵심 서비스와 개인정보 처리 현황 등을 고려하여 관리체계 범위를 설정하고, 관련된 서비스를 비롯하여 개인정보 처리 업무와 조직, 자산, 물리적 위치 등을 문서화하여야 한다. | G9: Y | H9: ISMS-P | I9: 조직의 (개인)정보보호 관리체계의 범위를 설정하고, 관련된 서비스의 현황을 문서화하여 관리하고 있음 - 각 부서는 보유하고 있는 정보자산 목록을 작성/관리하고, 정보보호담당자는 자산관리대장에 대한 관리 및 통제를 실시하고 있음 | J9: 「정보보안관리지침」 제8조(정보보호담당자) ②항 3호 제10조(부서정보보호담당자) ③항 1호 「개인정보보호관리지침」 제7조(개인정보 처리부서장) ①항 | K9: - 정보자산목록 - 개인정보 흐름표 - ISMS-P 인증 범위 소개자료 > 개인정보 흐름도 포함 > 서비스 흐름도 포함 > 네트워크 구성도 포함 > 정보보호 조직도(전사 포함)
D10: 1.1.5 | E10: 정책 수립 | F10: 정보보호와 개인정보보호 정책 및 시행문서를 수립·작성하며, 이때 조직의 정보보호와 개인정보보호 방침 및 방향을 명확하게 제시하여야 한다. 또한 정책과 시행문서는 경영진 승인을 받고, 임직원 및 관련자에게 이해하기 쉬운 형태로 전달하여야 한다. | G10: Y | H10: ISMS-P | I10: (개인)정보보호 정책을 제·개정 시 정보보호위원회를 통해 변경 사항을 심의·의결하고 있으며, 최고경영자 및 정보보호최고책임자 승인 후에 임직원 및 관련자에게 공표하고 있음 - 골드윙(사내포탈) 내 규정/법률에 개정된 정책을 게시 - 전사공지를 통해 변경된 정보보호 정책을 공지하고 있음 | J10: 「정보보안관리지침」 제13조(정보보호 정책 수립) 제14조(정보보호 정책 공표) 제15조(정보보호 정책 검토) 「개인정보보호관리지침」 제11조(개인정보보호 정책 수립 및 운영) | K10: - 정보보호위원회 - 전사공지(골드윙) - 정보보호 규정/지침 개정 품의
D11: 1.1.6 | E11: 자원 할당 | F11: 최고경영자는 정보보호와 개인정보보호 분야별 전문성을 갖춘 인력을 확보하고, 관리체계의 효과적 구현과 지속적 운영을 위한 예산 및 자원을 할당하여야 한다. | G11: Y | H11: ISMS-P | I11: 최고책임자는 정보보호 조직(부서)을 구성하며, 정보기술부문 및 정보보호 운영 계획을 승인함으로 정보보호 관리체계가 구축/운영될 수 있도록 관리함 - 정보보호호위원회에서 연간 정보기술부문 계획 및 전년도 결과를 심의·의결 하고 있음(정보보호위원회) - 정보보호위원회 결과를 최고경영자에게 보고하고 있음 - '23년 1월 기준 정보기술부문의 20.0%를 정보보호 예산으로 배정 - '23년 1월 기준 정보기술부문의 18.0%(11명)를 정보보호 인력으로 구성 | J11: 「정보보안관리지침」 제4조(정보보호 주관부서 구성) 제5조(정보보호 주관부서 운영) ④항 제6조(정보보호최고책임자) ④항 제16조(정보기술부문 계획 수립) ③항 | K11: - 정보보호위원회 결과 보고
B12: 1.2. | C12: 위험 관리 | D12: 1.2.1 | E12: 정보자산 식별 | F12: 조직의 업무특성에 따라 정보자산 분류기준을 수립하여 관리체계 범위 내 모든 정보자산을 식별·분류하고, 중요도를 산정한 후 그 목록을 최신으로 관리하여야 한다. | G12: Y | H12: ISMS-P | I12: 정보시스템(서버, WEB/WAS, DBMS, 네트워크, 보안장비 등)을 목록화하여 관리하고 있으며, 기밀성/무결성/가용성을 기준으로 중요도를 산정하여 관리하고 있음 - 정보시스템 변경 시 운영 담당자로부터 업데이트 된 현황을 받아, 목록을 업데이트 하고 있음 | J12: 「정보보안관리지침」 제10조(부서정보보호담당자) ③항 제38조(정보시스템 식별 및 관리) ①항, ②항, ③항, ④항, ⑥항 | K12: - 정보자산목록
D13: 1.2.2 | E13: 현황 및 흐름분석 | F13: 관리체계 전 영역에 대한 정보서비스 및 개인정보 처리 현황을 분석하고 업무 절차와 흐름을 파악하여 문서화하며, 이를 주기적으로 검토하여 최신성을 유지하여야 한다. | G13: Y | H13: ISMS-P | I13: 정보서비스 및 개인정보처리 흐름도를 식별하고 있으며, 주기적으로 검토하여 문서를 현행화 하고 있음 - 정보서비스 흐름도, 개인정보 흐름표, 개인정보 흐름도를 작성하여 관리하고 있음 | J13: 「정보보안관리지침」 제38조(정보시스템 식별 및 관리) ①항, ②항, ③항, ④항, ⑥항 「개인정보보호관리지침」 제45조(개인정보 흐름 분석) ①항, ②항 | K13: - 개인정보 흐름도/흐름표
D14: 1.2.3 | E14: 위험 평가 | F14: 조직의 대내외 환경분석을 통해 유형별 위협정보를 수집하고 조직에 적합한 위험 평가 방법을 선정하여 관리체계 전 영역에 대하여 연 1회 이상 위험을 평가하며, 수용할 수 있는 위험은 경영진의 승인을 받아 관리하여야 한다. | G14: Y | H14: ISMS-P | I14: 매년 보안 취약점 진단 및 위험평가를 통하여, 위험을 식별하고 보호대책을 수립하고 있음. 위험평가 결과는 정보보호 최고책임자에게 보고하고 있음 - '23년 06~08월 취약점 진단 사업을 통하여 취약점 진단 및 위험평가를 수행하였음 - '23년 11월 전수조치 후 이행점검을 수행함 ※ ISO27001 인증을 유지하고 있으며, '23년도 하반기 위험평가 진행 | J14: 「정보보안관리지침」 제41조(위험관리 계획 수립) 제42조(위험평가) 제43조(보호대책 수립) | K14: - 취약점 진단 결과 - 위험평가 보고서 - 위험관리절차서 - 취약점점검절차서 - 개인정보 흐름도/흐름표
D15: 1.2.4 | E15: 보호대책 선정 | F15: 위험 평가 결과에 따라 식별된 위험을 처리하기 위하여 조직에 적합한 보호대책을 선정하고, 보호대책의 우선순위와 일정·담당자·예산 등을 포함한 이행계획을 수립하여 경영진의 승인을 받아야 한다. | G15: Y | H15: ISMS-P | I15: 식별된 위험은 위험도를 산정(자산가치,위협,취약성)하여 보호대책을 수립하며, 관리 및 이행점검을 실시하고 있음 - 보호대책(조치계획)은 조치 일정/담당부서를 명시하여 관리하고 있음 - 보호대책은 정보보호 최고책임자에게 보고하고 있음 | J15: 「정보보안관리지침」 제41조(위험관리 계획 수립) 제42조(위험평가) 제43조(보호대책 수립) | K15: - 취약점 진단 결과 - 위험평가 보고서 - 위험관리절차서 - 취약점진단절차서 - 월간보안활동 보고
B16: 1.3. | C16: 관리체계 운영 | D16: 1.3.1 | E16: 보호대책 구현 | F16: 선정한 보호대책은 이행계획에 따라 효과적으로 구현하고, 경영진은 이행결과의 정확성과 효과성 여부를 확인하여야 한다. | G16: Y | H16: ISMS-P | I16: 위험평가를 통해 보호대책을 수립하였으며, 해당 내역(위험평가, 조치내역)을 경영진에 보고하고 있음 | J16: 「정보보안관리지침」 제41조(위험관리 계획 수립) 제42조(위험평가) 제43조(보호대책 수립) | K16: - 취약점 진단 결과 - 위험평가 보고서 - 정보보보위원회 결과 보고
D17: 1.3.2 | E17: 보호대책 공유 | F17: 보호대책의 실제 운영 또는 시행할 부서 및 담당자를 파악하여 관련 내용을 공유하고 교육하여 지속적으로 운영되도록 하여야 한다. | G17: Y | H17: ISMS-P | I17: 취약점 진단/위험평가 결과를 개발/운영/보안 담당자가 참석하여 취약점 현황 및 조치 관련 사항을 공유하고 있음 | J17: 「정보보안관리지침」 제43조(보호대책 수립) 제25조(정보보호 교육 수행) | K17: - 취약점 진단 결과 및 조치 사항 공유 - 정보보보위원회 결과 보고
D18: 1.3.3 | E18: 운영현황 관리 | F18: 조직이 수립한 관리체계에 따라 상시적 또는 주기적으로 수행하여야 하는 운영활동 및 수행 내역은 식별 및 추적이 가능하도록 기록하여 관리하고, 경영진은 주기적으로 운영활동의 효과성을 확인하여 관리하여야 한다. | G18: Y | H18: ISMS-P | I18: 매년 정보보호위원회를 개최하여 정보보호 운영 계획 등에 대해 심의/의결/보고 하고 있으며, 매월 보안점검을 실시하여 경영진에 보고하고 있음 - 개인/정보보호 모니터링(정보보호의날, 퇴사자/개인정보 모니터링), 개인/정보보호 인증 대응, 개인/정보보안 교육 등에 관한 사항을 계획/보고하고 있음 | J18: 「정보보안관리지침」 제12조(정보보호위원회) ①항, ⑤항 제18조(정보보호의 날 운영) | K18: - 정보보호위원회 - 월간보안활동 보고
B19: 1.4. | C19: 관리체계 점검 및 개선 | D19: 1.4.1 | E19: 법적 요구사항 준수 검토 | F19: 조직이 준수하여야 할 정보보호 및 개인정보보호 관련 법적 요구사항을 주기적으로 파악하여 규정에 반영하고, 준수 여부를 지속적으로 검토하여야 한다. | G19: Y | H19: ISMS-P | I19: 정보보호 및 개인정보보호 관련 법적 요구사항에 대하여 매년 그룹 정보보안 컴플라이언스 점검(신한 지주 주관)을 받고 있음 - 년간 수시감사(컴플라이언스팀) 계획을 수립하여 이행하고 있음 정보보호 및 개인정보보호 규정/지침 개정시 법적 요구사항을 반영하여 법률검토(컴플라이언스팀)를 진행하고 있음 | J19: 「정보보안관리지침」 제121조(정보보호 감사) | K19: - 감사결과 - 규정/지침 개정 품의
D20: 1.4.2 | E20: 관리체계 점검 | F20: 관리체계가 내부 정책 및 법적 요구사항에 따라 효과적으로 운영되고 있는지 독립성과 전문성이 확보된 인력을 구성하여 연 1회 이상 점검하고, 발견된 문제점을 경영진에게 보고하여야 한다. | G20: Y | H20: ISMS-P | I20: 감사는 기능별로 재무감사, 준법감사, IT감사로 구분하고 있으며, 준법감사는 관련법령, 규정 등을 준수하고 있는지 상시적으로 감시하고 있음 - 감사는 컴플라이언스팀에서 수행하고 있으며, 사무분장규정/감사직무규정을 통해 권한과 의무를 명시하고 있음 - 감사 결과(수시 등)에 대해서는 경영진에게 보고하고 있음 | J20: 「감사직무규정」 제4조(권한과 의무) 제5조(감사의 구분) 제15조(감사인의 의무) 제16조(감사인의 권한) 「사무분장규정」 제8조(컴플라이언스 Cell) | K20: - 감사결과 - 감사보고서
D21: 1.4.3 | E21: 관리체계 개선 | F21: 법적 요구사항 준수검토 및 관리체계 점검을 통해 식별된 관리체계상의 문제점에 대한 원인을 분석하고 재발방지 대책을 수립·이행하여야 하며, 경영진은 개선 결과의 정확성과 효과성 여부를 확인하여야 한다. | G21: Y | H21: ISMS-P | I21: 수시 감사 결과 개선조치사항에 대해서 이행여부를 경영진에게 보고하고 관리하고 있음 - 수시감사 결과 시 발견된 개선조치 사항에 대해 조치계획/조치부서/조치기한을 수립하여 관리하고 있음 (매월 수시감사 실시) | J21: 「감사직무규정」 제4조(권한과 의무) 제5조(감사의 구분) 제15조(감사인의 의무) 제16조(감사인의 권한) | K21: - 감사 조치요구사항 - 감사 조치요구사항 정리보고서
B22: 나. 보호대책 요구사항
B23: 2.1. | C23: 정책, 조직, 자산 관리 | D23: 2.1.1 | E23: 정책의 유지관리 | F23: 정보보호 및 개인정보보호 관련 정책과 시행문서는 법령 및 규제, 상위 조직 및 관련 기관 정책과의 연계성, 조직의 대내외 환경변화 등에 따라 주기적으로 검토하여 필요한 경우 제∙개정하고 그 내역을 이력관리하여야 한다. | G23: Y | H23: ISMS-P | I23: ▶정보보호 관리체게의 적절성 및 준법성을 보장하기 위해 연 1회 이상 법률 제•개정 내용을 반영하고, 준법담당부서에 법률검토를 의뢰하여 법적 요구사항 준수여부를 검토 받고 있음 - 정보보호규정 및 지침 제정 시 관련 현업부서의 담당자의 검토 의견(정보보호위원회 등)을 수렴하여 조직 내에서 실제 수행하는 정보보호 활동 내용이 반영될 수 있도록 함 - 정보보호규정 및 관련 지침의 이력관리 및 이행에 관련된 문서는 제·개정, 배포 및 폐기 등에 관하여 관련 규정을 준수하여 운영하고 있음 | J23: 「정보보안관리지침」 제13조(정보보호 정책 수립) ①항, ②항 제15조(정보보호 정책 검토) ①항, ②항 | K23: - 정보보호 규정/지침 개정 품의 (법률검토 포함) - 정보보보위원회 결과 보고
D24: 2.1.2 | E24: 조직의 유지관리 | F24: 조직의 각 구성원에게 정보보호와 개인정보보호 관련 역할 및 책임을 할당하고, 그 활동을 평가할 수 있는 체계와 조직 및 조직의 구성원 간 상호 의사소통할 수 있는 체계를 수립하여 운영하여야 한다. | G24: Y | H24: ISMS-P | I24: 개인/정보보호 조직은 업무 R&R을 통해 상호 협력하여 정보보호 업무를 수행하고 있음 - 정보보호책임자 및 관련 담당자의 역할 및 책임을 직무기술서에 기술함 - KPI 항목에 평가 항목을 추가하여 정보보호 관련 담당자에 대한 정보보호 활동에 대한 평가를 수행하고 있음 | J24: 「정보보안관리지침」 제4조(정보보호 주관부서 구성) 제5조(정보보호 주관부서 운영) 제6조(정보보호최고책임자) 제7조(정보보호관리자) 제8조(정보보호담당자) | K24: - 사무분장규정 - 조직의 유지관리 - 부서별 정보보호 담당자 현황 - (사내보안)업무분장현황
D25: 2.1.3 | E25: 정보자산 관리 | F25: 정보자산의 용도와 중요도에 따른 취급 절차 및 보호대책을 수립·이행하고, 자산별 책임소재를 명확히 정의하여 관리하여야 한다. | G25: Y | H25: ISMS-P | I25: 식별된 정보자산에 대한 정보자산명, 용도, 책임자 및 관리자, 관리부서 등 정보자산의 정보를 확인할 수 있도록 목록으로 관리함 - 정보자산관리지침에 자산중요도를 평가하도록 명시 되어 있고, 시행하고 있음 - 정보자산은 분기별로 최신화하여 관리하고 있음 | J25: 「정보보안관리지침」 제38조(정보시스템 식별 및 관리) ①항, ②항, ③항, ⑥항 | K25: - 정보자산목록
B26: 2.2. | C26: 인적 보안 | D26: 2.2.1 | E26: 주요 직무자 지정 및 관리 | F26: 개인정보 및 중요정보의 취급이나 주요 시스템 접근 등 주요 직무의 기준과 관리방안을 수립하고, 주요 직무자를 최소한으로 지정하여 그 목록을 최신으로 관리하여야 한다. | G26: Y | H26: ISMS-P | I26: 회사 내 중요 정보자산을 취급하는 직무를 분류하여 관리하도록 지침에 명시되어 있으며, 중요시스템을 지정하여 목록화하고 있음 - 중요정보 취급자는 최소한으로 지정하고 있으며, 매월 직무자 현황을 검토하고 있음 - 개인정보취급자를 지정하고 매월 보안 점검(모니터링 보고) 시 목록을 최신화 하고 있음 | J26: 「정보보안관리지침」 제20조(주요 직무 분리) 「개인정보보호관리지침」 제30조(개인정보취급자에 대한 감독) | K26: - 월간보안활동 보고 *주요 단말 관리자, 개인정보 취급자 등
D27: 2.2.2 | E27: 직무 분리 | F27: 권한 오·남용 등으로 인한 잠재적인 피해 예방을 위하여 직무 분리 기준을 수립하고 적용하여야 한다. 다만 불가피하게 직무 분리가 어려운 경우 별도의 보완대책을 마련하여 이행하여야 한다. | G27: Y | H27: ISMS-P | I27: 각 업무별 직무기술서를 정의하고, 관련 지침 등에 역할 및 업무처리절차 등을 명시하고 있음 - 보안은 보안컨설팅팀에서 수행하고 있음 - 서비스별 담당자를 분리하여 운영하고 있으며, 개발/운영 시스템 분리운영 및 보안대책(사용자 접근통제-계정관리솔루션-형상관리 상호견제체계 등)을 수립하여 운영하고 있음 | J27: 「정보보안관리지침」 제20조(주요 직무 분리) 「개인정보보호관리지침」 제30조(개인정보취급자에 대한 감독) | K27: - 팀 정의서 - 사무분장규정
D28: 2.2.3 | E28: 보안 서약 | F28: 정보자산을 취급하거나 접근권한이 부여된 임직원·임시직원·외부자 등이 내부 정책 및 관련 법규, 비밀유지 의무 등 준수사항을 명확히 인지할 수 있도록 업무 특성에 따른 정보보호 서약을 받아야 한다. | G28: Y | H28: ISMS-P | I28: 임직원에 대해 정보보호서약서 등을 징구하여 관리하고 있음 - 입사 시 보안서약서 및 개인정보 비밀유지 서약서, 연 1회 NEXT(e-HR)를 통해 보안서약서 징구함 - 수행 인력 투입/철수 시 각 인력에 대하여 정보보호서약서를 작성받음 - 퇴직 시에도 정보보호서약서를 징구함 - 정보보호서약서 및 비밀유지서약서는 물리적으로 안전한 장소에 보관하고 있음(인사팀에서 시건장치가 있는 부서전용 캐비닛에 보관 중임) | J28: 「정보보안관리지침」 제21조(외주인력 관리방안) ①항, ②항, ③항 제22조(보안서약서 징구) 제89조(외주개발 계약) 「개인정보보호관리지침」 제31조(비밀유지) | K28: - 보안서약서 양식 및 샘플(임직원, 외주직원) - NEXT 서약서 징구(보안서약서)
D29: 2.2.4 | E29: 인식제고 및 교육훈련 | F29: 임직원 및 관련 외부자가 조직의 관리체계와 정책을 이해하고 직무별 전문성을 확보할 수 있도록 연간 인식제고 활동 및 교육훈련 계획을 수립·운영하고, 그 결과에 따른 효과성을 평가하여 다음 계획에 반영하여야 한다. | G29: Y | H29: ISMS-P | I29: 정보보호 교육은 수립된 계획에 따라 정보보호관리체계 범위 내 임직원을 대상으로 연 1회 이상 정보보호 교육을 수행하도록 함 - 연간 (개인)정보보호 교육 계획 수립 후 '정보보호위원회'에 보고 하고 있음 - 신규 입사자는 입사시 정보보호 교육을 진행하고 있으며, 외부직원은 투입된 인력에 대해 교육을 실시함 - 정보보호 온라인 교육을 연 1회 전 임직원 대상으로 진행하고 있음 - 정보보호 교육 시행 후 교육 참가확인서를 기재하도록 하고 있으며, 교육 내용의 적정성과 효과성을 평가하기 위한 교육 설문서를 수령하여 차기 교육에 반영할 수 있도록 함 | J29: 「정보보안관리지침」 제24조(정보보호 교육 계획 수립) 제25조(정보보호 교육 수행) 제26조(정보보호 교육 결과 보고) 「개인정보보호관리지침」 제35조(개인정보 분실, 유출 및 오남용 등 보고) ②항 제43조(개인정보 교육 수립 및 실시) | K29: - 제1회 정보보호위원회 : 안건3 - (개인)정보보호 연간 계획 - 온라인 (개인)정보보호 교육 - 신입직원 (개인)정보보호 교육 - 외주인력 (개인)정보보호 교육
D30: 2.2.5 | E30: 퇴직 및 직무변경 관리 | F30: 퇴직 및 직무변경 시 인사·정보보호·개인정보보호·IT 등 관련 부서별 이행하여야 할 자산반납, 계정 및 접근권한 회수·조정, 결과확인 등의 절차를 수립·관리하여야 한다. | G30: Y | H30: ISMS-P | I30: 부서이동 및 직무변경, 퇴직 시 관리절차를 수립하여 운영함 - 그룹웨어 인사 게시판을 통해 인사변동 정보를 공유함 - 퇴직자 발생 시 자산반납내역서와 보안체크리스트를 통해 자산 반납, 시스템 접근권한 삭제 등의 조치를 수행하고 있음 | J30: 「정보보안관리지침」 제27조(퇴직 시 보안관리) ④항 제29조(외주인력 계약 종료 시 보안) ①항 「개인정보보호관리지침」 제33조(안전조치의무) ①항 | K30: - 사내보안일일업무보고 : 퇴사자/부서 이동자 계정 및 권한 관리 - DS 사내 월간 보안점검 결과 : 2.퇴사자 보안 점검 - 퇴사(예정)직원 통보서 : 점검자 점검 결과
D31: 2.2.6 | E31: 보안 위반 시 조치 | F31: 임직원 및 관련 외부자가 법령, 규제 및 내부정책을 위반한 경우 이에 따른 조치 절차를 수립·이행하여야 한다. | G31: Y | H31: ISMS-P | I31: 정보보호에 대한 책무를 충실히 이행하지 않고 조직의 중요한 정보를 훼손하거나 누출한 경우 징계 기준에 따라 처벌절차를 수립하고 있음 -징계 대상이 되는 위반사항을 발견할 경우 인사위원회에 안건을 상정할 수 있음 - ADS를 통해 인가되지 않은 행위 등 정책 위반 시 소명을 발생시키며, 각 부서 담당자 승인 하에 제출하도록 프로세스가 구성되어 있음 | J31: 「정보보안관리지침」 제118조(징계 기준 수립 목적 및 절차 제119조(징계 구분 및 기준) 「상벌규정」 제14조(징계 대상) 제15조(징계구분 및 기준) | K31: - 상벌규정 - 내부통제이상징후탐지시스템(ADS)업무절차정의서
B32: 2.3. | C32: 외부자 보안 | D32: 2.3.1 | E32: 외부자 현황 관리 | F32: 업무의 일부(개인정보취급, 정보보호, 정보시스템 운영 또는 개발 등)를 외부에 위탁하거나 외부의 시설 또는 서비스(집적정보통신시설, 클라우드 서비스, 애플리케이션 서비스 등)를 이용하는 경우 그 현황을 식별하고 법적 요구사항 및 외부 조직·서비스로부터 발생되는 위험을 파악하여 적절한 보호대책을 마련하여야 한다. | G32: Y | H32: ISMS-P | I32: 개인정보 처리업무 보안관리 약정서에 근거하여, 수행 목적 외 개인정보 처리 금지 등에 관한 사항을 명시하고 있음 - 위탁 계약 체결 및 종료 시 보안점검(보호대책, 파기 등)을 실시하고 있음 - 위탁 계약 중 반기 1회 자체 보안진단을 회신 받아 검토하며, 연 1회 현장점검을 실시하고 있음 | J32: 「개인정보보관리지침」 제26조(업무위탁에 따른 개인정보의 처리제한) 제27조(수탁자의 선정 시 고려사항) 제28조(위수탁 종료 시 관리) | K32: - 상/하반기 개인정보 수탁사 보안점검 결과 보고 - 수탁사 개인정보보호교육 내역 : [2023년 하반기 개인정보 수탁사 보안점검 결과 보고] 5. 개인정보보호 교육 결과 - 보안관리 약정서(위탁업체 계약용) - 외주인력 현황 관리
D33: 2.3.2 | E33: 외부자 계약 시 보안 | F33: 외부 서비스를 이용하거나 외부자에게 업무를 위탁하는 경우 이에 따른 정보보호 및 개인정보보호 요구사항을 식별하고, 관련 내용을 계약서 또는 협정서 등에 명시하여야 한다. | G33: Y | H33: ISMS-P | I33: 외주업체와 계약 시 보안요구사항을 분석하여 계약서에 개인/정보보호 준수에 대한 항목을 반영함 - 신한금융그룹표준계약서를 통하여 계약하고 있으며, 외부 서비스 이용 및 업무 위탁 시 정보보호 요구사항을 식별하고 있음 | J33: 「정보보안관리지침」 제21조(외주인력 관리방안) ①항, ②항 제89조(외주개발 계약) 제90조(외주개발 통제) | K33: - 계약서 - 보안진단_계약서 - 개인정보 처리업무 약정서 및 사전보안진단
D34: 2.3.3 | E34: 외부자 보안 이행 관리 | F34: 계약서, 협정서, 내부정책에 명시된 정보보호 및 개인정보보호 요구사항에 따라 외부자의 보호대책 이행 여부를 주기적인 점검 또는 감사 등 관리·감독하여야 한다. | G34: Y | H34: ISMS-P | I34: 외주 인력이 준수할 항목을 관리·감독하고, 정보보호의날에 외부인력을 포함하여 점검을 진행하고 있음 - 외부인력에 대한 점검을 수행한 후 미흡한 부분에 대해 통지하여 조치하도록 하고 있음 - 개인정보 처리업무의 제3자에게 재위탁 시 관련 보안 점검 현황 등을 검토하고 있음 | J34: 「정보보안관리지침」 제21조(외주인력 관리방안) 「개인정보보호관리지침」 제16조(개인정보를 제공받은 자의 이용·제공 제한) | K34: - 외주인력 점검체크리스트 - 외주인력 정보보호 교육자료 : 교육 플랫폼 활용(당사 앱) - 외주인력보안관리절차서 - DS 사내 월간 보안점검 결과 : 3. 외주 인력 보안 점검
D35: 2.3.4 | E35: 외부자 계약 변경 및 만료 시 보안 | F35: 외부자 계약만료, 업무종료, 담당자 변경 시에는 제공한 정보자산 반납, 정보시스템 접근계정 삭제, 중요정보 파기, 업무 수행 중 취득정보의 비밀유지 확약서 징구 등의 보호대책을 이행하여야 한다. | G35: Y | H35: ISMS-P | I35: 외부자와의 계약만료 및 업무 종료 시 정보보호점검표에 따라 점검이 이뤄지며, 자산반납 및 업무 중 사용하였던 모든 접근계정을 삭제하였는가를 확인함 - 외부자와의 계약만료, 업무종료, 담당자 변경에 따른 보안관리는 외부인력보안지침의 절차에 따라 정보보호점검을 수행함 - 수탁자에게 제공된 개인정보가 업무 목적 달성 후 즉시 파기하며, 파기를 확인하고 있음 | J35: 「정보보호관리지침」 제28조(외주인력 계약 종료 시 보안) 「개인정보보호관리지침」 제28조(위수탁 종료시 관리) | K35: - 외부 정보보호점검표(종료 시) - 보안서약서 - DS 사내 월간 보안점검 결과 : 3. 외주 인력 보안 점검
B36: 2.4. | C36: 물리 보안 | D36: 2.4.1 | E36: 보호구역 지정 | F36: 물리적·환경적 위협으로부터 개인정보 및 중요정보, 문서, 저장매체, 주요 설비 및 시스템 등을 보호하기 위하여 통제구역·제한구역·접견구역 등 물리적 보호구역을 지정하고 각 구역별 보호대책을 수립·이행하여야 한다. | G36: Y | H36: ISMS-P | I36: 보호구역은 통제구역, 제한구역, 접견구역으로 구분하였으며, IDC의 출입은 업무담당자에게 사전 출입신청 요청 후 방문확인 및 출입카드를 교환하여 출입함 -신한금융그룹전산센터에는 24시간 상주하는 경비원이 배치되어 있으며, 모니터링을 위한 CCTV 설비 및 출입카드에 의한 출입통제시스템을 적용하여 운영함 | J36: 「정보보안관리지침」 제29조 (보호구역 설정) ①항, ②항 제30조(보호구역 출입 통제) | K36: - 통제구역출입통제절차서
D37: 2.4.2 | E37: 출입통제 | F37: 보호구역은 인가된 사람만이 출입하도록 통제하고 책임추적성을 확보할 수 있도록 출입 및 접근 이력을 주기적으로 검토하여야 한다. | G37: Y | H37: ISMS-P | I37: 보호구역에 인가된 내부자는 출입통제시스템에 등록되어 출입이 허가됨 -신한금융그룹전산센터 출입이 필요한 경우 외부자는 출입등록시스템 사전등록 및 관리자 승인이 있어야 하며, 출입 시 신분증 확인 및 스마트폰 보안스티커를 부착하고 담당자와 동행하여 출입하도록 되어 있음 -신한금융그룹전산센터에서 매일 출입 통제 현황에 대해 확인하고 목록을 보관하고 있음 - 본사는 층별 통신실에 대해 상시 출입자 등록/관리를 수행하고 있으며, 외부직원의 출입이 필요한 경우 담당자 동행하여 출입하도록 하고 있음 | J37: 「정보보안관리지침」 제29조(보호구역 설정) ①항, ②항 제30조(보호구역 출입 통제) | K37: - IDC 전산실 출입 절차 - 백년관 출입권한 신청/삭제 - 백년관 통신실 출입관리대장 - 정보자산 반/출입 신청서 - 출입카드 발급 신청서 - 월간운영보고서_직원만족팀
D38: 2.4.3 | E38: 정보시스템 보호 | F38: 정보시스템은 환경적 위협과 유해요소, 비인가 접근 가능성을 감소시킬 수 있도록 중요도와 특성을 고려하여 배치하고, 통신 및 전력 케이블이 손상을 입지 않도록 보호하여야 한다. | G38: Y | H38: ISMS-P | I38: 정보시스템은 신한금융그룹전산센터에 배치하고 있음 - 전산실 내 렉실장도가 배치되어 있으며, 전력 및 통신케이블은 외부에 노출되지 않도록 이중바닥에 설치되어 있으며, 외부에 노출된 케이블은 케이지로 감싸고 있음 | J38: 「정보보안관리지침」 제34조(전산실 보호를 위한 운용관리 사항) ①항, ②항 | K38: - 실사(죽전센터) > IDC 내부 사진 촬영 불가
D39: 2.4.4 | E39: 보호설비 운영 | F39: 보호구역에 위치한 정보시스템의 중요도 및 특성에 따라 온도·습도 조절, 화재감지, 소화설비, 누수감지, UPS, 비상발전기, 이중전원선 등의 보호설비를 갖추고 운영절차를 수립·운영하여야 한다. | G39: Y | H39: ISMS-P | I39: 신한금융그룹전산센터는 인재 및 자연재해 등에 대비한 설비를 갖추고 운영하고 있음 ①소화기 및 소화설비(스프링쿨러, 하론가스) ②피뢰설비 ③감시제어시스템(FMS) ④자가발전기(3일 보장) ⑤전력선 복수회선 ⑥무정전전원장치(UPS) 30분 이상 공급 가능 ⑦누수감지기 ⑧항온항습기 | J39: 「정보보안관리지침」 제34조(전산실 보호를 위한 운용관리 사항) ①항, ②항 | K39: - 실사(죽전센터) > IDC 내부 사진 촬영 불가
D40: 2.4.5 | E40: 보호구역 내 작업 | F40: 보호구역 내에서의 비인가행위 및 권한 오·남용 등을 방지하기 위한 작업 절차를 수립·이행하고, 작업 기록을 주기적으로 검토하여야 한다. | G40: Y | H40: ISMS-P | I40: 신한금융그룹전산센터 출입 시 출입등록을 사전에 신청하고 신분증 확인 및 담당자 동행하에 출입 가능하며, 전산실에 출입이 필요한 경우 전산실 출입 신청 및 출입권한이 부여된 담당자가 동행하여 출입 | J40: 「정보보안관리지침」 제32조(통제구역 내 작업) ①항, ②항, ④항 | K40: - IDC 전산실 작업
D41: 2.4.6 | E41: 반출입 기기 통제 | F41: 보호구역 내 정보시스템, 모바일 기기, 저장매체 등에 대한 반출입 통제절차를 수립·이행하고 주기적으로 검토하여야 한다. | G41: Y | H41: ISMS-P | I41: 정보시스템, 모바일기기, 저장매체 등을 반출입해야 할 경우 자산반출입 신청서를 작성하여 관리하고 있음 | J41: 「정보보안관리지침」 제32조(통제구역 내 작업) ③항 제33조(통제구역 내 모바일기기 반출·입) | K41: - 정보자산 반출입 신청서 : 본사 및 IDC
D42: 2.4.7 | E42: 업무환경 보안 | F42: 공용으로 사용하는 사무용 기기(문서고, 공용 PC, 복합기, 파일서버 등) 및 개인 업무환경(업무용 PC, 책상 등)을 통해 개인정보 및 중요정보가 비인가자에게 노출 또는 유출되지 않도록 클린데스크, 정기점검 등 업무환경 보호대책을 수립·이행하여야 한다. | G42: Y | H42: ISMS-P | I42: 매월 정보보호의날을 통하여 사무용 기기 및 개인 업무 환경에 대한 점검을 수행하고 있음 - 매월 정보보호의날을 통하여 공용공간, 업무용 PC 시건장치, 문서방치, 중요정보(패스워드) 방치 여부 등을 점검하고 있음 - 개인정보 파일 관리여부를 EDLP, ADS를 통해 모니터링 하며, 위반사항에 대해서 소명요구하고 있음 | J42: 「정보보안관리지침」 제18조(정보보호의 날 운영) 제35조(개인업무 환경 보안) 제36조(공용업무 환경 보안) 「개인정보보호관리지침」 제33조(안전조치의무) | K42: - 월간 보안 활동 보고 - 정보보호의 날 시행 안내
B43: 2.5. | C43: 인증 및 권한관리 | D43: 2.5.1 | E43: 사용자 계정 관리 | F43: 정보시스템과 개인정보 및 중요정보에 대한 비인가 접근을 통제하고 업무 목적에 따른 접근권한을 최소한으로 부여할 수 있도록 사용자 등록·해지 및 접근권한 부여·변경·말소 절차를 수립·이행하고, 사용자 등록 및 권한부여 시 사용자에게 보안책임이 있음을 규정화하고 인식시켜야 한다. | G43: Y | H43: ISMS-P | I43: 서비스별 업무 필요성에 따라 최소한의 권한을 부여하여 시스템을 운영하고 있음 - 사용자 계정을 발급받기 위해서는 ITSM을 통해 사전 승인을 받아야 함 - 정보시스템에 대한 권한은 사용자 계정, 부서, 사용자 그룹에 따라 설정하여 최소한의 권한만을 부여함 - 개인정보취급자는 업무별 최소한의 권한으로 부여하였으며, 매월 개인정보 처리내역을 점검함 | J43: 「정보보안관리지침」 제63조(시스템 계정 및 권한 관리) 제64조(외주인력 시스템 계정 및 권환 관리) 「개인정보보호관리지침」 제33조(안전조치의무) | K43: - 시스템 사용자 계정 신청 절차 - 월간 보안 활동 보고 : 별첨 #1. 사내 개인정보취급자 현황
D44: 2.5.2 | E44: 사용자 식별 | F44: 사용자 계정은 사용자별로 유일하게 구분할 수 있도록 식별자를 할당하고 추측 가능한 식별자 사용을 제한하여야 하며, 동일한 식별자를 공유하여 사용하는 경우 그 사유와 타당성을 검토하여 책임자의 승인 및 책임추적성 확보 등 보완대책을 수립·이행하여야 한다. | G44: Y | H44: ISMS-P | I44: 서비스별 업무 필요성에 따라 계정명칭의 유일성을 지키며, 최소한의 권한을 부여하여 시스템을 운영하고 있음 - 정보시스템 및 개인정보처리시스템 사용자별 계정 및 권한을 부여하고 있음 - 접근통제 시스템(계정관리솔루션 등)을 도입 운영하고 있음 | J44: 「정보보안관리지침」 제63조(시스템 계정 및 권한 관리) 제64조(외주인력 시스템 계정 및 권환 관리) 「개인정보보호관리지침」 제33조(안전조치의무) | K44: - 시스템 사용자 계정 신청 절차
D45: 2.5.3 | E45: 사용자 인증 | F45: 정보시스템과 개인정보 및 중요정보에 대한 사용자의 접근은 안전한 인증절차와 필요에 따라 강화된 인증방식을 적용하여야 한다. 또한 로그인 횟수 제한, 불법 로그인 시도 경고 등 비인가자 접근 통제방안을 수립·이행하여야 한다. | G45: Y | H45: ISMS-P | I45: 기본 로그인 실패 횟수는 5회로 제한되어 있으며, 5회 실패 시 세션을 차단하도록 되어 있고, 정기적인 기술적 취약점 진단을 통해 추가적인 적정성 검토를 수행하고 있음 - 정보처리시스템 및 개인정보처리시스템은 외부에서의 원격접근을 차단하고 있음 - 정보시스템 접근 시 2차 인증(OTP)을 통해 접근통제를 강화하여 사용하고 있음 - 매년 정보시스템 취약점을 진단/조치하고 있음 | J45: 「정보보안관리지침」 제68조(비밀번호 생성 및 관리) ③항, ④항, ⑤항, ⑥항 제69조(중요정보시스템 인증 강화) 「개인정보보호관리지침」 제33조(안전조치의무) | K45: - 취약점 진단 결과 : 심사팀장님 별도 제공 - 시스템 OTP 인증화면 - 보안장비 관리자 접속 IP 통제
D46: 2.5.4 | E46: 비밀번호 관리 | F46: 법적 요구사항, 외부 위협요인 등을 고려하여 정보시스템 사용자 및 고객, 회원 등 정보주체(이용자)가 사용하는 비밀번호 관리절차를 수립·이행하여야 한다. | G46: Y | H46: ISMS-P | I46: 사용자 패스워드는 영문 대문자, 영문 소문자, 숫자, 특수문자 등을 종합하여 2종류 이상 10자리 이상, 3종류 이상 8자리 이상으로 사용하도록 정책이 구현되어있음 - 정보시스템 운영자 접근 시 2차 인증(OTP)을 통해 접근통제를 강화하여 사용하고 있음 | J46: 「정보보안관리지침」 제68조(비밀번호 생성 및 관리) ①항, ②항 제69조(중요정보시스템 인증 강화) 「개인정보보호관리지침」 제33조(안전조치의무) | K46: - 시스템 비밀번호 관리 규칙
D47: 2.5.5 | E47: 특수 계정 및 권한 관리 | F47: 정보시스템 관리, 개인정보 및 중요정보 관리 등 특수 목적을 위하여 사용하는 계정 및 권한은 최소한으로 부여하고 별도로 식별하여 통제하여야 한다. | G47: Y | H47: ISMS-P | I47: 특수 권한의 계정은 부여하지 않으며 관리자 계정은 최소한의 인원에게 부여하고 있으며, ITSM을 통해 계정을 관리하고 있음 - 주기적으로(월1회) 계정 사용 여부를 점검함(월간 시스템 운영보고) | J47: 「정보보안관리지침」 제67조(관리자 및 특수 권한 관리) 「개인정보보호관리지침」 제33조(안전조치의무) | K47: - 신한DS_월간시스템 운영보고 : 1. 시스템 운영 요약 - 계정관리
D48: 2.5.6 | E48: 접근권한 검토 | F48: 정보시스템과 개인정보 및 중요정보에 접근하는 사용자 계정의 등록·이용·삭제 및 접근권한의 부여·변경·삭제 이력을 남기고 주기적으로 검토하여 적정성 여부를 점검하여야 한다. | G48: Y | H48: ISMS-P | I48: 정보시스템 사용자 계정 생성/변경/회수에 관한 로그(이력)를 저장하고 정기적으로 백업하고 있음 - 부여된 계정에 대해 주기적으로 점검을 진행하고 있음 | J48: 「정보보안관리지침」 제63조(시스템계정 및 권한 관리) ②항, ⑤항, ⑥항, ⑦항, ⑧항, ⑨항, ⑩항 「개인정보보호관리지침」 제33조(안전조치의무) | K48: - 시스템 계정 생성 및 점검 내역(ITSM) - DS 사내 월간 보안점검 결과 : 1-1. 정보보호의 날 보안 점검(정보시스템 사용자 계정 및 권한)
B49: 2.6. | C49: 접근통제 | D49: 2.6.1 | E49: 네트워크 접근 | F49: 네트워크에 대한 비인가 접근을 통제하기 위하여 IP관리, 단말인증 등 관리절차를 수립·이행하고, 업무목적 및 중요도에 따라 네트워크 분리(DMZ, 서버팜, DB존, 개발존 등)와 접근통제를 적용하여야 한다. | G49: Y | H49: ISMS-P | I49: 각 서비스 영역에 따라 네트워크를 분리/구성하고 있으며, 방화벽 및 네트워크 ACL을 통해 접근통제를 실시하고 있음 - 중요 시스템 영역에는 정보보호시스템을 통해 유해트래픽을 차단하고 있음 - 내부 네트워크는 사설 IP를 할당하여 사용하고 있음 - 사용자는 업무망, 개발망, 운영망, 외주(개발/업무)망 분리하여 관리하고 있음 - 서버는 DMZ, 운영, 개발망으로 분리하여 접근통제를 수행하고 있음 - 사내 네트워크 연결시, AD, NAC, 보안솔루션(PC필터 등)을 설치하여야 함 | J49: 「정보보안관리지침」 제70조(내·외부 네트워크 분리) 제71조(IP주소 관리대책) 제72조(개발 및 운영 환경 분리) 제83조(정보보호시스템 운영 및 통제) | K49: - 네트워크 구성도 - 정보자산목록
D50: 2.6.2 | E50: 정보시스템 접근 | F50: 서버, 네트워크시스템 등 정보시스템에 접근을 허용하는 사용자, 접근제한 방식, 안전한 접근수단 등을 정의하여 통제하여야 한다. | G50: Y | H50: ISMS-P | I50: 정보시스템 별 접속권한자는 개별 계정으로 접속하며, 관리자IP 지정, 이중인증(OTP) 등 추가 접근통제를 마련하여 통제하고 있음 - 서버 접속시 암호화된 통신수단(SSH)을 사용하며, 로그인실패횟수, 세션타임아웃이 설정되어 있음 - 매월 시스템 월간보고서를 통해 불필요한 서비스를 제거하고 보고함 | J50: 「정보보안관리지침」 제76조(서버 접근 통제) 제79조(공개용 웹서버 관리) 제80조(데이터베이스 접근통제) | K50: - 운영자 계정 통제 - 신한DS_월간시스템 운영보고 - DS 사내 월간 보안점검 결과 : 정보보호의 날 보안 점검(정보시스템 사용자 계정 및 권한)
D51: 2.6.3 | E51: 응용프로그램 접근 | F51: 사용자별 업무 및 접근 정보의 중요도 등에 따라 응용프로그램 접근권한을 제한하고, 불필요한 정보 또는 중요정보 노출을 최소화할 수 있도록 기준을 수립하여 적용하여야 한다. | G51: Y | H51: ISMS-P | I51: 내부 관리시스템은 외부에서의 접근이 제한되고 관련 업무 담당자의 IP로만 접근이 제한되어 있음 -사용자별 각 정보에 대한 접근 통제는 업무 특성에 따라 차등 부여하고, 조회/출력/다운로드 등의 기능 또한 차등 부여하고 있음 - 개인정보처리시스템은 개인별 차등권한을 부여하며, E-DLP를 통해 출력을 차단하고 있음(출력시 ADS를 통해 모니터링 및 소명을 받고 있음) - 정보시스템은 로그인 후 일정시간 입력이 없을 경우 세션이 차단되며, 동일 사용자의 세션수를 제한하고 있음 - 관리자 페이지는 접근 통제(계정권한, 이중인증)를 실시하여 비인가자의 접근을 차단하고 있음 | J51: 「정보보안관리지침」 제78조(애플리케이션 접근통제) 제80조(데이터베이스 접근통제) | K51: - 운영자 계정 통제 - 신한DS_월간시스템 운영보고 - 월간보안활동 보고 - 이상징후탐지시스템(개인정보)
D52: 2.6.4 | E52: 데이터베이스 접근 | F52: 테이블 목록 등 데이터베이스 내에서 저장·관리되고 있는 정보를 식별하고, 정보의 중요도와 응용프로그램 및 사용자 유형 등에 따른 접근통제 정책을 수립·이행하여야 한다. | G52: Y | H52: ISMS-P | I52: 중요정보에 해당 하는 테이블의 경우 별도 목록을 작성하여 관리하고 있음 - 데이터베이스 접속에 대한 권한은 데이터베이스 관리자, 사용자로 구분하며, 업무 관련 담당자에 한하여 차등 권한을 부여하여 운영함 - 데이터베이스는 공개서버(웹서버)와 분리하여 운영하고 있음 | J52: 「정보보안관리지침」 제80조(데이터베이스 접근통제) | K52: - 데이터베이스 접근통제 - 협력사관리시스템 DB테이블 - 월간보안활도 보고
D53: 2.6.5 | E53: 무선 네트워크 접근 | F53: 무선 네트워크를 사용하는 경우 사용자 인증, 송수신 데이터 암호화, AP 통제 등 무선 네트워크 보호대책을 적용하여야 한다. 또한 AD Hoc 접속, 비인가 AP 사용 등 비인가 무선 네트워크 접속으로부터 보호대책을 수립·이행하여야 한다. | G53: Y | H53: ISMS-P | I53: 내부망을 사용하는 PC는 무선AP차단솔루션(WIPS)로 무선 AP의 사용을 금지하고 있으며, 매체제어솔루션을 통해 스마트폰 테더링 등의 우회 접속도 차단하고 있음 - 무선인터넷을 통해 업무망 등 내부 접근 불가 | J53: 「정보보안관리지침」 제74조(무선네트워크 접근통제) | K53: - 무선통신망 점검 결과보고 - 무선랜 통제
D54: 2.6.6 | E54: 원격접근 통제 | F54: 보호구역 이외 장소에서의 정보시스템 관리 및 개인정보 처리는 원칙적으로 금지하고, 재택근무·장애대응·원격협업 등 불가피한 사유로 원격접근을 허용하는 경우 책임자 승인, 접근 단말 지정, 접근 허용범위 및 기간 설정, 강화된 인증, 구간 암호화, 접속단말 보안(백신, 패치 등) 등 보호대책을 수립·이행하여야 한다. | G54: Y | H54: ISMS-P | I54: 외부에서 내부 접근은 VPN 및 RemoteView 솔루션을 통해 업무망만 가능하며, 각 부서별(보안, 운영, 총무, 경영) 병렬합의 및 인가된(보호조치) PC로 가능함 - 운영 및 개발의 원격 접근은 폐쇄망으로 접근 불가하며, 내부 네트워크를 통해 정보시스템을 접속하는 단말의 경우 IP/계정별 접근통제를 실시하고 있음 | J54: 「정보보안관리지침」 제70조(내·외부 네트워크 분리) ②항 | K54: - 운영자 계정 통제 - 재택근무 환경
D55: 2.6.7 | E55: 인터넷 접속 통제 | F55: 인터넷을 통한 정보 유출, 악성코드 감염, 내부망 침투 등을 예방하기 위하여 주요 정보시스템, 주요 직무 수행 및 개인정보 취급 단말기 등에 대한 인터넷 접속 또는 서비스(P2P, 웹하드, 메신저 등)를 제한하는 등 인터넷 접속 통제 정책을 수립·이행하여야 한다. | G55: Y | H55: ISMS-P | I55: 업무용 PC는 외부망과 분리하여 인터넷 접근을 차단하고 있음 - 인터넷 PC는 내부망(업무/운영/개발/외주업무, 외주개발)PC와 네트워크를 분리하였으며, 웹키퍼(소만사)를 통해 유해사이트를 차단하고 있음 - 인터넷망과 업무망간 파일 전송 시 망연계시스템을 이용하고 있음 | J55: 「정보보안관리지침」 제73조(인터넷 접속 통제) 제84조(단말기 접근통제 관리) | K55: - 외부 인터넷 접근 통제
B56: 2.7. | C56: 암호화 적용 | D56: 2.7.1 | E56: 암호정책 적용 | F56: 개인정보 및 주요정보 보호를 위하여 법적 요구사항을 반영한 암호화 대상, 암호 강도, 암호 사용 정책을 수립하고 개인정보 및 주요정보의 저장·전송·전달 시 암호화를 적용하여야 한다. | G56: Y | H56: ISMS-P | I56: - 암호화정책서 內 알고리즘 및 키길이 등 기준이 수립되어있음 - 홈페이지는 개인정보를 처리하지 않으며, 협력사관리시스템의 경우 API 암호화를 통해 비밀번호를 안전한 알고리즘인 일방향 암호화하여 보관하고 있음 - 대칭키 : 128bit 이상(SEED, ARIA 등), 공개키 : RSA 2048bit 이상, 일방향 : 256bit 이상(SHA) - 개인정보 및 중요정보의 저장, 전송, 전달 시 파일 암호화를 실시하여 수행하고 있음 | J56: 「정보보안관리지침」 제58조(저장 시 암호화) 제59조(전송 시 암호화) 「개인정보보호관리지침」 제22조(고유식별정보 처리 제한) 제23조(주민등록번호 처리 제한) 제24조(생체정보 처리 제한) 「암호화 정책서」 제7조(저장 시 암호화) 제8조(전송 시 암호화) 제10조(암호화 알고리즘 강도 선택기준) | K56: - 월간보안활동 보고 * 개인정보 제공 등에 관한 사항 - 암호화 정책서 - 일방향 암호화 - 개인정보 흐름표
D57: 2.7.2 | E57: 암호키 관리 | F57: 암호키의 안전한 생성·이용·보관·배포·파기를 위한 관리 절차를 수립·이행하고, 필요 시 복구방안을 마련하여야 한다. | G57: Y | H57: ISMS-P | I57: ㅇ 암호키 생성/이용 등에 있어, 다음과 같이 정책을 수립하고 이행하고 있음 - 암호사용자는 부서정보보호담당자에게 승인을 득한 후 암호담당자에게 신청 - 암호담당자는 적용대상의 정보를 고려하여 암호키를 생성하고 암호관리자에게 승인을 득 한 후 암호사용자에게 전달 - 암호담당자는 생성된 암호키 손상 시 복구를 위한 별도의 매체에 저장 후 안전한 장소에 보관하고 있음 | J57: 「정보보안관리지침」 제60조(암호화 프로그램 관리) ③항, ④항 제61조(암호키 신청 및 발급) 「암호화정책서」 제10조(암호화 알고리즘 강도 선택기준) ④항 제12조(암호화 키 사용) 제13조(암호화 키 폐기) | K57: - 암호화 정책서 - 암호키 관리대장
B58: 2.8. | C58: 정보시스템 도입 및 개발 보안 | D58: 2.8.1 | E58: 보안 요구사항 정의 | F58: 정보시스템의 도입∙개발∙변경 시 정보보호 및 개인정보보호 관련 법적 요구사항, 최신 보안취약점, 안전한 코딩방법 등 보안 요구사항을 정의하고 적용하여야 한다. | G58: Y | H58: ISMS-P | I58: 정보시스템을 신규로 도입 시 절차가 명시되어 있으며, 보안성검토를 수행하여 정보보호 타당성을 점검하고 있음 - 정보시스템 신규 도입 시 법적 요구사항과 회사 내규에 따른 보안요구사항을 정의하고 보안성검토를 통하여 설계단계에서 반영하고 있음 | J58: 「정보보안관리지침」 제40조(정보시스템 설치) ②항, ③항, ④항, ⑥항 제92조(보안 요구사항 분석) ②항, ③항 | K58: - 보안성 검토 절차서 - 보안성 검토 결과 : 권한관리 솔루션
D59: 2.8.2 | E59: 보안 요구사항 검토 및 시험 | F59: 사전 정의된 보안 요구사항에 따라 정보시스템이 도입 또는 구현되었는지를 검토하기 위하여 법적 요구사항 준수, 최신 보안취약점 점검, 안전한 코딩 구현, 개인정보 영향평가 등의 검토 기준과 절차를 수립·이행하고, 발견된 문제점에 대한 개선조치를 수행하여야 한다. | G59: Y | H59: ISMS-P | I59: 정보시스템 도입, 개발, 변경 관련하여 분석 설계 단계에서부터 보안요구사항을 정의하도록 하고 있음 - 정보시스템 도입 관련하여 취약점 진단 및 보안성검토를 통하여 진행하고 있으며, 발견된 문제점에 대해서는 이행점검을 실시하고 있음 | J59: 「정보보안관리지침」 제40조(정보시스템 설치) ②항, ③항, ④항, ⑥항 제92조(보안 요구사항 분석) ②항, ③항 | K59: - 보안성 검토 절차서 - 보안성 검토 결과 : 권한관리 솔루션
D60: 2.8.3 | E60: 시험과 운영 환경 분리 | F60: 개발 및 시험 시스템은 운영시스템에 대한 비인가 접근 및 변경의 위험을 감소시키기 위하여 원칙적으로 분리하여야 한다. | G60: Y | H60: ISMS-P | I60: 개발보안 요건을 통한 확인과 검수시나리오를 통한 검수가 이뤄지며, 결함 발견시 결함관리대장을 통해 관리 및 조치가 이뤄짐 -개발/운영 시스템이 분리되어 운영되어 있으며, 형상관리시스템을 통해 개발이 완료된소스를 운영서버에 적용하고 있음 | J60: 「정보보안관리지침」 제72조(개발 및 운영 환경 분리) | K60: - 네트워크 구성도 - 형상관리절차서
D61: 2.8.4 | E61: 시험 데이터 보안 | F61: 시스템 시험 과정에서 운영데이터의 유출을 예방하기 위하여 시험 데이터의 생성과 이용 및 관리, 파기, 기술적 보호조치에 관한 절차를 수립·이행하여야 한다. | G61: Y | H61: ISMS-P | I61: 정보시스템의 개발 및 시험 과정에서 실 운영데이터를 사용하지 않음 - 실 운영 데이터는 시험환경에서 사용하지 않도록 하고 있으며, 테스트를 위한 시험데이터(garbage data)를 생성하여 사용하도록 하고 있음 | J61: 「정보보안관리지침」 제95조(테스트 보안) ④항, ⑤항, ⑥항 | K61: - 개발서버 DB 내역
D62: 2.8.5 | E62: 소스 프로그램 관리 | F62: 소스 프로그램은 인가된 사용자만이 접근할 수 있도록 관리하고, 운영환경에 보관하지 않는 것을 원칙으로 하여야 한다. | G62: Y | H62: ISMS-P | I62: 소스프로그램은 형상관리프로그램으로 관리하고 있으며, 접근은 관련 담당자로 최소화하여 부여하고 있음 - 개발 또는 개선 이전의 시스템 소스 프로그램은 별도 보관하고 있음 - 소스 프로그램은 운영환경이 아닌 시험환경에서 관리되고 있으며, 변경관리를 위해 형상관리시스템을 이용하여 통제 및 버전관리를 수행하고 있음 | J62: 「정보보안관리지침」 제100조(프로그램 변경 기록 관리) | K62: - 형상관리절차서 - 소스코드 이관 이력
D63: 2.8.6 | E63: 운영환경 이관 | F63: 신규 도입·개발 또는 변경된 시스템을 운영환경으로 이관할 때는 통제된 절차를 따라야 하고, 실행코드는 시험 및 사용자 인수 절차에 따라 실행되어야 한다. | G63: Y | H63: ISMS-P | I63: 운영 이관 시 상용화 절차를 통해 이루어지며, 테스트 완료 후 이상이 없음을 확인하여 실행하고, 문제 발생 시 원복 절차를 통해 이전 상태로 복구하여 운영함 - 운영환경으로의 정보시스템 이관이 원활하게 이루어지지 않았을 경우 복귀 방안을 수립 적용함 - 개발보안 요건 확인서 상 운영 이관 시 서비스 실행에 필요한 파일만 설치 여부를 확인하도록 하고 있음 | J63: 「정보보안관리지침」 제96조(운영 환경 이관) | K63: - 형상관리절차서 - 이관 내역
B64: 2.9. | C64: 시스템 및 서비스 운영관리 | D64: 2.9.1 | E64: 변경관리 | F64: 정보시스템 관련 자산의 모든 변경내역을 관리할 수 있도록 절차를 수립·이행하고, 변경 전 시스템의 성능 및 보안에 미치는 영향을 분석하여야 한다. | G64: Y | H64: ISMS-P | I64: 정보시스템 관련 자산의 변경은 관련 지침에 의하여 승인을 통해 이루어지도록 명시하고 있으며, 현재까지 자산에 대한 용도가 변경된 적은 없음 - 정보시스템 용도 변경 시 영향 평가를 수행하도록 되어 있음 | J64: 「정보보안관리지침」 제38조(정보시스템 식별 및 관리) ⑤항, ⑥항 제40조(정보시스템 설치) ③항 | K64: - 정보시스템 변경 및 삭제 신청 - 변경릴리즈관리절차서
D65: 2.9.2 | E65: 성능 및 장애관리 | F65: 정보시스템의 가용성 보장을 위하여 성능 및 용량 요구사항을 정의하고 현황을 지속적으로 모니터링하여야 하며, 장애 발생 시 효과적으로 대응하기 위한 탐지·기록·분석·복구·보고 등의 절차를 수립·관리하여야 한다. | G65: Y | H65: ISMS-P | I65: 시스템 성능은 운용 콘솔 및 zabbix,모니터링 솔루션을 통해 임계치 설정 및 일일 점검·관리되고 있음 - 정보시스템의 성능 및 용량이 임계치를 초과하는 경우 증설 계획을 수립해 구매계획서를 작성·품의하여 증설함 - 장애 대응을 위한 관리 절차를 수립 운영중에 있으며, 원인 분석을 통해 재발방지 대책을 수립 및 이행하고 있음 | J65: 「정보보안관리지침」 제47조(장애 관리) | K65: - 일일운영보고서(시스템 모니터링) - 장애관리절차서
D66: 2.9.3 | E66: 백업 및 복구관리 | F66: 정보시스템의 가용성과 데이터 무결성을 유지하기 위하여 백업 대상, 주기, 방법, 보관장소, 보관기간, 소산 등의 절차를 수립·이행하여야 한다. 아울러 사고 발생 시 적시에 복구할 수 있도록 관리하여야 한다. | G66: Y | H66: ISMS-P | I66: 시스템 백업은 관련 지침에 의해 백업 계획을 수립하여 주기적으로 수행하고 있음 - 백업된 데이터의 적절성을 확인하기 위하여 정기적으로 복구 테스트를 진행하고 있음 - 정보시스템은 죽전센터에서 운영하고 있으며, 백업 데이터는 본사(백년관)에 보관하고 있음 | J66: 「정보보안관리지침」 제54조(백업 계획 수립) 제55조(복구 계획 수립 및 테스트) | K66: - 백업 및 소산 설명 - 백업 복구 훈련 : BCP 점검 결과 보고의 건 - 백업관리운영절차서 - 일일백업 현황 - 백업테잎 소산 목록
D67: 2.9.4 | E67: 로그 및 접속기록 관리 | F67: 서버, 응용프로그램, 보안시스템, 네트워크시스템 등 정보시스템에 대한 사용자 접속기록, 시스템로그, 권한부여 내역 등의 로그유형, 보존기간, 보존방법 등을 정하고 위·변조, 도난, 분실 되지 않도록 안전하게 보존·관리하여야 한다. | G67: Y | H67: ISMS-P | I67: 전체 정보시스템 대상으로 이벤트 로깅이 구성되어 있으며, 별도 로그서버에 저장되도록 하고 있음 - 별도 저장된 로그는 관련 업무담당자만이 접근할 수 있도록 최소화하여 관리함 - 개인정보처리시스템 접속 관련 로그는 1년 이상 보관하고 있음 | J67: 「정보보안관리지침」 제49조(로그 관리) 「개인정보보호관리지침」 제33조(안전조치위무) ①항6호 | K67: - 로그관리솔루션 기록 및 삭제
D68: 2.9.5 | E68: 로그 및 접속기록 점검 | F68: 정보시스템의 정상적인 사용을 보장하고 사용자 오·남용(비인가접속, 과다조회 등)을 방지하기 위하여 접근 및 사용에 대한 로그 검토기준을 수립하여 주기적으로 점검하며, 문제 발생 시 사후조치를 적시에 수행하여야 한다. | G68: Y | H68: ISMS-P | I68: 정보시스템 관련 오류 및 비인가접속과 과다조회등 특이사항이 발생할 경우 시스템 주요계정 접속내역 보고 및 월간보고서를 통해 보고하고 있음 - 이상징후탐지시스템을 통해 오·남용을 실시간 탐지하고 있음 - 개인정보처리시스템의 접속 로그는 월 1회 점검하고 있음 | J68: 「정보보안관리지침」 제51조(접근 및 사용 모니터링) 「개인정보보호관리지침」 제33조(안전조치위무) ①항6호 | K68: - 시스템 접근 내역 점검(ITSM) - 월간보안활동 보고
D69: 2.9.6 | E69: 시간 동기화 | F69: 로그 및 접속기록의 정확성을 보장하고 신뢰성 있는 로그분석을 위하여 관련 정보시스템의 시각을 표준시각으로 동기화하고 주기적으로 관리하여야 한다. | G69: Y | H69: ISMS-P | I69: 내부 NTP 서버를 이용하여 시간동기화를 수행하고 있으며, 월 1회 점검하고 있음 | J69: 「정보보안관리지침」 제49조(로그 관리) ⑦항 | K69: - 월간 시스템 운영보고 : 1. 시스템 운영 요약 - NTP현황
D70: 2.9.7 | E70: 정보자산의 재사용 및 폐기 | F70: 정보자산의 재사용과 폐기 과정에서 개인정보 및 중요정보가 복구·재생되지 않도록 안전한 재사용 및 폐기 절차를 수립·이행하여야 한다. | G70: Y | H70: ISMS-P | I70: 정보기기 폐기 및 재사용 절차를 통하여 관리하고 있으며, 폐기 및 재사용내역은 정보자산폐기관리대장으로 관리하고 있음 - 자체적으로 저장매체를 폐기할 경우 저장매체 폐기 관리대장에 기록하도록 하여 감사증적을 확보할 수 있도록 함 - 매년 외부업체를 통해 정보자산을 감사자가 동행하여 폐기를 수행함 | J70: 「정보보안관리지침」 제38조(정보시스템 식별 및 관리) ⑤항 제86조(휴대용 저장매체 관리) ①항 | K70: - 폐기확인서 - VM서버 삭제 처리 내역(ITSM) - 업무용 등산 불용처리 품의 - 자산관리(신청/폐기)절차서
B71: 2.10. | C71: 시스템 및 서비스 보안관리 | D71: 2.10.1 | E71: 보안시스템 운영 | F71: 보안시스템 유형별로 관리자 지정, 최신 정책 업데이트, 룰셋 변경, 이벤트 모니터링 등의 운영절차를 수립·이행하고 보안시스템별 정책적용 현황을 관리하여야 한다. | G71: Y | H71: ISMS-P | I71: 정보보안센터에 각 보안장비의 셋팅, 변경 등에 대한 운영절차를 기록한 보안운영업무절차서 및 매뉴얼을 비치하여 참고·운영하고 있음 - 보안시스템은 사용자 인증, 관리자 단말IP 접근통제를 통해 비인가자의 접근을 통제하고 있음 - DDoS, IPS 등의 보안시스템에 대하여 모니터링을 수행하고 있으며, 비정상적인 활동 내역에 대해 검토를 수행함 - 보안시스템별 정책(룰셋 등) 등록 신청 접수 시 신청서를 받아, 정책의 타당성 및 적적성을 검토하여 정책을 적용하고 있음 - 보안시스템의 예외 정책 등록 시 내부 결제를 통해 진행하고 있으며, 예외 기간 경과 시 삭제하고 있음 - 보안시스템에 설정되어 있는 보안정책에 대해 주기적으로 점검하고 있음 | J71: 「정보보안관리지침」 제83조(정보보호시스템 운영 및 통제) | K71: - 보안운영업무정의서 - 보안운영업무절차서 - 보안시스템 정책 변경 신청서 - 통합관제 일일현황보고서 - 방화벽 정책 점검 현황
D72: 2.10.2 | E72: 클라우드 보안 | F72: 클라우드 서비스 이용 시 서비스 유형(SaaS, PaaS, IaaS 등)에 따른 비인가 접근, 설정 오류 등에 따라 중요정보와 개인정보가 유·노출되지 않도록 관리자 접근 및 보안 설정 등에 대한 보호대책을 수립·이행하여야 한다. | G72: Y | H72: ISMS-P | I72: Private 클라우드 시스템을 운영하고 있으며, 클라우드 서비스에 대한 보안성 검토를 수행하며, 관리자를 지정 하여 관리하고 있음 - 모의침투훈련 및 보안성 심의를 통해 보안 통제 정책을 수립 이행하고 있음 - 특이사항이 발생할 경우 일일업무보고를 통해 보고하고 있으며, 정기점검을 진행하여 보안 설정 및 운영 현황에 대한 적절성을 검토하고 있음 | J72: 「정보보안관리지침」 제76조(서버 접근 통제) | K72: - 클라우드 시스템 운영
D73: 2.10.3 | E73: 공개서버 보안 | F73: 외부 네트워크에 공개되는 서버의 경우 내부 네트워크와 분리하고 취약점 점검, 접근통제, 인증, 정보 수집·저장·공개 절차 등 강화된 보호대책을 수립·이행하여야 한다. | G73: Y | H73: ISMS-P | I73: 공개서버는 내부 네트워크와 분리된 영역에 위치하고 있으며 방화벽 등의 정보보호시스템 및 네트워크 장비를 통해 보호되고 있음 - 공개서버에 개인정보 및 중요정보를 게시하지 않음 - 매년 취약점 진단 및 이행 조치를 진행하고 있음 | J73: 「정보보안관리지침」 제79조(공개용 웹서버 관리) | K73: - 취약점 진단 결과 : 심사팀장님 별도 제공 - 네트워크 구성도 - 월간보안활동 보고
D74: 2.10.4 | E74: 전자거래 및 핀테크 보안 | F74: 전자거래 및 핀테크 서비스 제공 시 정보유출이나 데이터 조작·사기 등의 침해사고 예방을 위해 인증·암호화 등의 보호대책을 수립하고, 결제시스템 등 외부 시스템과 연계할 경우 안전성을 점검하여야 한다. | G74: N/A | H74: ISMS-P | I74: 인증범위 內 전자상거래 및 핀테크 서비스가 존재하지 않으므로 해당사항 없음 | J74: N/A | K74: N/A
D75: 2.10.5 | E75: 정보전송 보안 | F75: 타 조직에 개인정보 및 중요정보를 전송할 경우 안전한 전송 정책을 수립하고 조직 간 합의를 통해 관리 책임, 전송방법, 개인정보 및 중요정보 보호를 위한 기술적 보호조치 등을 협약하고 이행하여야 한다. | G75: Y | H75: ISMS-P | I75: 그룹사 파일 제공시 파일 암호화를 적용하고 있으며, 월간 개인정보모니터링 진행하고 있음 개인정보 위수탁 계약 전 사전 점검 및 개인정보 보안관리 약정서 체결, 통신구간 암호화 점검 등을을 통해 안전한 정보전송을 수행하고 있음 | J75: 「정보보안관리지침」 제59조(전송시 암호화) | K75: - 수탁사 점검 - 개인정보 모니터링 결과보고
D76: 2.10.6 | E76: 업무용 단말기기 보안 | F76: PC, 모바일 기기 등 단말기기를 업무 목적으로 네트워크에 연결할 경우 기기 인증 및 승인, 접근 범위, 기기 보안설정 등의 접근통제 대책을 수립하고 주기적으로 점검하여야 한다. | G76: Y | H76: ISMS-P | I76: 업무용 단말기(PC, 노트북)에 NAC, DRM, DLP, PC필터, NetClient, 백신프로그램, 권한관리 솔루션을 설치하여 기기의 보안설정을 통제하고 있음 - 업무용 단말기의 정보유출을 막기 위해 DLP 솔루션을 이용하며, PC필터 및 NetClient를 통해 무선망 사용 및 자료공유를 금지하고 있음 - 업무용 모바일 기기의 분실, 도난 시 스윙 내 모바일 Device 환경 설정을 통해 접근을 차단하고 있으며, MDM을 통해 보안통제를 실시하고 있음 - 매월 시행하는 정보보호의날에 접근통제에 대한 적절성을 점검하고 있음 | J76: 「정보보안관리지침」 제84조(단말기 접근통제 관리) 제85조(보안 프로그램 운영) | K76: - 월간보안활동 보고
D77: 2.10.7 | E77: 보조저장매체 관리 | F77: 보조저장매체를 통하여 개인정보 또는 중요정보의 유출이 발생하거나 악성코드가 감염되지 않도록 관리 절차를 수립·이행하고, 개인정보 또는 중요정보가 포함된 보조저장매체는 안전한 장소에 보관하여야 한다. | G77: Y | H77: ISMS-P | I77: 휴대용 저장 매체의 사용은 PC필터 솔루션을 통해 차단되고 있으며, 매체사용신청서를 통해 관리자 승인 후 읽기/쓰기 권한을 부여하고 있음 - 포트락을 통해 추가 물리적 포트를 통제하고 있음 - 휴대용 저장매체의 사용을 제한하고 있으며, 업무목적으로 사용이 허용된 휴대용 저장매체 사용을 최소화하고, 사용전 백신프로그램을 통해 바이러스 및 악성코드 자동검사를 수행하고 있음 - 매체 이동 후 USB 반납시 정보보안담당자는 파일 점검(일일업무일지) 후 즉시 삭제하고 있으며, USB는 잠금장치가 있는 서랍에 보관하고 있음 | J77: 「정보보안관리지침」 제86조(휴대용 저장매체 관리) | K77: - 매체 사용 통제
D78: 2.10.8 | E78: 패치관리 | F78: 소프트웨어, 운영체제, 보안시스템 등의 취약점으로 인한 침해사고를 예방하기 위하여 최신 패치를 적용하여야 한다. 다만 서비스 영향을 검토하여 최신 패치 적용이 어려울 경우 별도의 보완대책을 마련하여 이행하여야 한다. | G78: Y | H78: ISMS-P | I78: 윈도우 시스템의 경우 WSUS를 통해 패치 다운로드 후 테스트 서버에 적용하여 안정성 확인 후 운영서버에 업데이트가 이루어지며, 작업계획보고 및 완료보고를 진행하고 있음 - 유닉스 계열 시스템의 경우 벤더 및 기타 취약점 권고 시 보안 업데이트를 수행하고 장비 패치 리스트를 작성하여 관리하고 있음 - 중요 운영시스템의 경우에는 테스트 시스템에서 가용성 테스트 후 패치 적용을 하고 있음 | J78: 「정보보안관리지침」 제53조(패치관리) | K78: - 패치 관리
D79: 2.10.9 | E79: 악성코드 통제 | F79: 바이러스·웜·트로이목마·랜섬웨어 등의 악성코드로부터 개인정보 및 중요정보, 정보시스템 및 업무용 단말기 등을 보호하기 위하여 악성코드 예방·탐지·대응 등의 보호대책을 수립·이행하여야 한다. | G79: Y | H79: ISMS-P | I79: 윈도우 서버 및 임직원 PC에 백신을 설치하여 운영중에 있음 - 백신프로그램의 최신엔진 유지를 위한 점검을 진행하고 있으며, 이에 대한 실행 여부는 정보보호의 날 및 보안감사를 통해 점검함 - 7일 이상 백신업데이트 미수행 시 NAC를 통해 차단되며, 백신 업데이트 이후 네트워크 사용이 가능함 - 보안관제 및 APT를 통해 악성코들 탐지하고 있으며, 백신에서 탐지되지 않는 악성코드는 백신업체에 의뢰하여 업데이트 하고 있음 | J79: 「정보보안관리지침」 제85조(보안 프로그램 운영) ②~⑧항 | K79: - 월간보안활동 보고 - V3 탐지 및 업데이트 보호대책
B80: 2.11. | C80: 사고 예방 및 대응 | D80: 2.11.1 | E80: 사고 예방 및 대응체계 구축 | F80: 침해사고 및 개인정보 유출 등을 예방하고 사고 발생 시 신속하고 효과적으로 대응할 수 있도록 내·외부 침해시도의 탐지·대응·분석 및 공유를 위한 체계와 절차를 수립하고, 관련 외부기관 및 전문가들과 협조체계를 구축하여야 한다. | G80: Y | H80: ISMS-P | I80: 침해사고에 대한 대응 및 관리를 위해 침해사고 대응, 보고, 사후절차 등이 규정되어 있으며, 보안사고에 신속히 대응할 수 있도록 긴급복구훈련 계획을 수립하여 시행하고 있음 - 침해사고에 신속한 대응을 위해 중앙집중적인 비상연락체계가 구축되어 운영되고 있음 | J80: 「정보보안관리지침」 제111조(보안사고 대응계획 수립) 제112조(보안사고의 구분) 제113조(보안사고 대응체계 구축) | K80: - 침해사고유형별대응절차서 - 보안사고대응절차서
D81: 2.11.2 | E81: 취약점 점검 및 조치 | F81: 정보시스템의 취약점이 노출되어 있는지를 확인하기 위하여 정기적으로 취약점 점검을 수행하고 발견된 취약점에 대해서는 신속하게 조치하여야 한다. 또한 최신 보안취약점의 발생 여부를 지속적으로 파악하고 정보시스템에 미치는 영향을 분석하여 조치하여야 한다. | G81: Y | H81: ISMS-P | I81: 취약점 진단 및 이행조치를 매년 수행하며, 정보보호책임자에게 보고함 - 발견된 취약점은 이행조치 및 조치계획 수립을 통하여 관리하고 있음 | J81: 「정보보안관리지침」 - 제46조(취약점 분석 및 평가) | K81: - 취약점 진단 결과 : 심사팀장님 별도 제공
D82: 2.11.3 | E82: 이상행위 분석 및 모니터링 | F82: 내·외부에 의한 침해시도, 개인정보유출 시도, 부정행위 등을 신속하게 탐지·대응할 수 있도록 네트워크 및 데이터 흐름 등을 수집하여 분석하며, 모니터링 및 점검 결과에 따른 사후조치는 적시에 이루어져야 한다. | G82: Y | H82: ISMS-P | I82: DDoS, IPS 등의 보안시스템에 대하여 모니터링을 수행하고 이상징후 발견 시 관련 지침 및 매뉴얼에 따라 조치함 - 내부 이상행위에 대해서는 ADS를 통해 실시간 모니터링하고 있으며, 이상행위에 대해서 소명을 받고 있음 | J82: 「정보보안관리지침」 - 제52조(침해시도 모니터링 및 대응) | K82: - 통합보안관제 일일업무보고 - 월간보안활동 보고 - ADS 소명 처리 결과
D83: 2.11.4 | E83: 사고 대응 훈련 및 개선 | F83: 침해사고 및 개인정보 유출사고 대응 절차를 임직원과 이해관계자가 숙지하도록 시나리오에 따른 모의훈련을 연 1회 이상 실시하고 훈련결과를 반영하여 대응체계를 개선하여야 한다. | G83: Y | H83: ISMS-P | I83: 침해사고에 대한 대응 및 관리를 위해 침해사고 대응, 보고, 사후절차 등이 규정되어 있으며, 보안사고에 신속히 대응할 수 있도록 재해복구훈련 계획을 수립하여 시행하고 있음 - 재해복구훈련 결과 도출된 문제에 대해 조치방안을 수립하고 이행하고 있음 | J83: 「정보보안관리지침」 - 제114조(보안사고 대응 모의훈련) - 제115조(보안사고 대응 모의훈련 결과보고) | K83: - 보안사고 대응 모의훈련 - 업무연속성 훈련 결과
D84: 2.11.5 | E84: 사고 대응 및 복구 | F84: 침해사고 및 개인정보 유출 징후나 발생을 인지한 때에는 법적 통지 및 신고 의무를 준수하여야 하며, 절차에 따라 신속하게 대응 및 복구하고 사고분석 후 재발방지 대책을 수립하여 대응체계에 반영하여야 한다. | G84: Y | H84: ISMS-P | I84: 이상징후 발생 또는 비정상적인 활동 내역에 대하여 인지한 경우 정보보호담당자에게 즉시 보고하도록 하고 있으며, 검토 및 분석을 통해 보고서를 작성하고, 침해사고로 판단될 경우 사고 심각도에 따라 관련 보고를 수행하도록 하고 있음 - 침해사고 발생 시 법률이나 규정 등에 따라 유관기관에 신고하도록 되어 있음 - 침해사고 대응에 관한 책임 및 절차에 따라 처리 및 복구 결과를 문서로 작성 및 공유하여 재발방지 대책을 수립하도록 하고, 필요 시 관련 대응 체계를 보완하며, 전 임직원 공유가 필요한 경우 보안교육 내용에 반영하여 인식제고에 활용하도록 하고 있음 | J84: 「정보보안관리지침」 제113조(보안사고 대응체계 구축) | K84: - 침해사고유형별대응절차서 - 보안사고대응절차서
B85: 2.12. | C85: 재해복구 | D85: 2.12.1 | E85: 재해ㆍ재난 대비 안전조치 | F85: 자연재해, 통신·전력 장애, 해킹 등 조직의 핵심 서비스 및 시스템의 운영 연속성을 위협할 수 있는 재해 유형을 식별하고 유형별 예상 피해규모 및 영향을 분석하여야 한다. 또한 복구 목표시간, 복구 목표시점을 정의하고 복구 전략 및 대책, 비상시 복구 조직, 비상연락체계, 복구 절차 등 재해 복구체계를 구축하여야 한다. | G85: Y | H85: ISMS-P | I85: IT 재해 유형을 식별하여 대응 체계를 수립하고 있으며, 중요서비스의 경우 유형에 따른 피해규모 및 영향, 복구 목표 시간 및 시점 등의 대책을 수립하고 이행함 - 중요서비스의 경우 유형에 따른 피해규모 및 영향, 복구 목표 시간 및 시점 등의 대책을 수립하고 이행함 - 재해 상황별 비상 시 복구조직, 비상연락체계 및 복구절차 등의 재해복구 체계를 수립하여 운영중에 있으며, 재해복구훈련을 통해 이행하고 있음 | J85: 「정보보안관리지침」 제102조(재해복구 계획 수립) 제103조(비상대책반) 제104조(비상연락체계 구축) | K85: - 업무연속성계획(BCP)
D86: 2.12.2 | E86: 재해 복구 시험 및 개선 | F86: 재해 복구 전략 및 대책의 적정성을 정기적으로 시험하여 시험결과, 정보시스템 환경변화, 법규 등에 따른 변화를 반영하여 복구전략 및 대책을 보완하여야 한다. | G86: Y | H86: ISMS-P | I86: IT 재해 유형별 긴급복구 모의훈련 시 일정, 참여인원, 범위, 방법, 절차 등의 내용을 계획하여 연1회 수행하고 있음 - IT 재해 유형별 긴급복구 모의훈련을 통해 재해복구 체계에 대한 검토∙보완 후 절차 및 매뉴얼을 주기적으로 갱신하고 있음 | J86: 「정보보안관리지침」 제109조(비상대응 훈련) 제110조(비상대응 훈련 결과 보고) | K86: - 업무연속성 훈련 결과 - 업무연속성계획 개정 품의문
B87: 다. 개인정보 처리 단계별 요구사항
B88: 3.1. | C88: 개인정보 수집 시 보호조치 | D88: 3.1.1 | E88: 개인정보 수집ㆍ이용 | F88: 개인정보는 적법하고 정당하게 수집ㆍ이용하여야 하며, 정보주체의 동의를 근거로 수집하는 경우에는 적법한 방법으로 정보주체의 동의를 받아야 한다. 또한 만 14세 미만 아동의 개인정보를 수집하는 경우에는 그 법정대리인의 동의를 받아야 하며 법정대리인이 동의하였는지를 확인하여야 한다. | G88: Y | H88: ISMS-P | I88: ▶정보주체 회원가입 시 동의를 받으며, 오프라인 수집의 경우 개인정보 보호법 제15조 4항에 따라 대금지급(원천징수) 목적으로 수집함 - B2B 사업 협력 비즈니스 목적 상 사업자등록 기반으로 회원가입을 수행하며, 만 14세 미만 아동의 경우 개인정보를 수집하지 않으므로 해당사항 없음 | J88: 「개인정보보호관리지침」 제12조(개인정보의 수집·이용) | K88: - 개인정보처리방침 - 협력사관리시스템 회원가입 화면 - 개인정보 흐름표 - 개인정보 흐름도
D89: 3.1.2 | E89: 개인정보 수집 제한 | F89: 개인정보를 수집하는 경우 처리 목적에 필요한 최소한의 개인정보만을 수집하여야 하며, 정보주체가 선택적으로 동의할 수 있는 사항 등에 동의하지 아니한다는 이유로 정보주체에게 재화 또는 서비스의 제공을 거부하지 않아야 한다. | G89: Y | H89: ISMS-P | I89: ▶개인정보보호관리지침 제12조에 따라 비즈니스 목적 상 필요로 하는 최소한의 정보만 수집하고 있음 - 개인정보 항목 중 필수/선택을 분리하였으며, 미동의시에 대한 서비스 제한 없음 - 개인정보 필수 항목 : ID, 성명, 휴대폰번호, 전자우편 주소 - 개인정보 선택 항목 : 직책 - 개인정보 보유 기간 : 업무목적 달성 시 까지 | J89: 「개인정보보호관리지침」 제12조(개인정보의 수집·이용) | K89: - 개인정보처리방침 - 협력사관리시스템 회원가입 화면 - 개인정보 흐름표 - 개인정보 흐름도
D90: 3.1.3 | E90: 주민등록번호 처리 제한 | F90: 주민등록번호는 법적 근거가 있는 경우를 제외하고는 수집ㆍ이용 등 처리할 수 없으며, 주민등록번호의 처리가 허용된 경우라 하더라도 인터넷 홈페이지 등에서 대체수단을 제공하여야 한다. | G90: Y | H90: ISMS-P | I90: ▶프리랜서 대금지급 및 소득신고 목적으로 주민등록번호를 사용함 - 소득세법 제127조, 제128조 | J90: 「개인정보보호관리지침」 제24조(주민드록번호 처리 제한) | K90: - 개인정보처리방침 - 협력사관리시스템 회원가입 화면 - 개인정보 흐름표 - 개인정보 흐름도
D91: 3.1.4 | E91: 민감정보 및 고유식별정보의 처리 제한 | F91: 민감정보와 고유식별정보(주민등록번호 제외)를 처리하기 위해서는 법령에서 구체적으로 처리를 요구하거나 허용하는 경우를 제외하고는 정보주체의 별도 동의를 받아야 한다. | G91: Y | H91: ISMS-P | I91: ▶민감정보 처리는 없으며 프리랜서 대금지급 및 소득신고 목적으로 주민등록번호를 사용함 - 소득세법 제127조, 제128조 | J91: 「개인정보보호관리지침」 제22조(민감정보 처리 제한) 제23조(고유식별정보 처리 제한) | K91: - 개인정보처리방침 - 협력사관리시스템 회원가입 화면 - 개인정보 흐름표 - 개인정보 흐름도
D92: 3.1.5 | E92: 개인정보 간접수집 | F92: 정보주체 이외로부터 개인정보를 수집하거나 제3자로부터 제공받는 경우에는 업무에 필요한 최소한의 개인정보를 수집하거나 제공받아야 하며, 법령에 근거하거나 정보주체의 요구가 있으면 개인정보의 수집 출처, 처리목적, 처리정지의 요구권리를 알려야 한다. | G92: N/A | H92: ISMS-P | I92: ▶정보주체 이외로부터 개인정보를 수집하지 않으므로 해당사항 없음 | J92: N/A | K92: N/A
D93: 3.1.6 | E93: 영상정보처리기기 설치ㆍ운영 | F93: 고정형 영상정보처리기기를 공개된 장소에 설치ㆍ운영하거나 이동형 영상정보처리기기를 공개된 장소에서 업무를 목적으로 운영하는 경우 설치 목적 및 위치에 따라 법적 요구사항을 준수하고, 적절한 보호대책을 수립ㆍ이행하여야 한다. | G93: Y | H93: ISMS-P | I93: ▶영상정보처리기기는 업무공간인 백년관 복도, 사무실 출입구와 정보시스템이 있는 죽전센터에 설치되어 있으며, 「영상정보처리기기 관리지침」에 따라 안내판(CCTV 설치 안내문)을 설치하고 있음 - CCTV 설치 안내문에는 설치목적 및 장소, 촬영범위 및 시간, 관리책임자의 성명, 직책 및 연락처 등 | J93: 「영상정보처리기기 관리지침」 제10조(안내판 설치) | K93: - CCTV 설치 안내문 - 영상정보처리기기 관리지침 - CCTV 월간운영보고서
D94: 3.1.7 | E94: 마케팅 목적의 개인정보 수집ㆍ이용 | F94: 재화나 서비스의 홍보, 판매 권유, 광고성 정보전송 등 마케팅 목적으로 개인정보를 수집ㆍ이용하는 경우 그 목적을 정보주체가 명확하게 인지할 수 있도록 고지하고 동의를 받아야 한다. | G94: N/A | H94: ISMS-P | I94: ▶재화나 서비스의 홍보, 판매 권유, 광고성정보전송 등 마케팅 목적으로 개인정보를 수집·이용하지 않으므로 해당사항 없음 | J94: N/A | K94: N/A
B95: 3.2. | C95: 개인정보 보유 및 이용 시 보호조치 | D95: 3.2.1 | E95: 개인정보 현황관리 | F95: 수집ㆍ보유하는 개인정보의 항목, 보유량, 처리 목적 및 방법, 보유기간 등 현황을 정기적으로 관리하여야 하며, 공공기관의 경우 이를 법률에서 정한 관계기관의 장에게 등록하여야 한다. | G95: Y | H95: ISMS-P | I95: ▶협력사 관리를 목적으로 협력사 담당자의 개인정보(성명, 휴대폰번호, 전자우편주소, 직책)을 수집/보유하고 있음 - 개인정보흐름표를 매년 갱신하여 개인정보 항목, 보유랑, 처리목적을 관리하고 있음 - 매월 개인정보 모니터링(자체점검)을 실시하여, 개인정보 취급자 관리/개인정보 조회 및 처리내역 등을 점검하고 있음 | J95: 「개인정보보호관리지침」 제44조(자체감사) | K95: - 월간보안활동 보고 - 개인정보 흐름도/흐름표 - 개인정보처리방침
D96: 3.2.2 | E96: 개인정보 품질보장 | F96: 수집된 개인정보는 처리 목적에 필요한 범위에서 개인정보의 정확성ㆍ완전성ㆍ최신성이 보장되도록 정보주체에게 관리절차를 제공하여야 한다. | G96: Y | H96: ISMS-P | I96: ▶협력사 관리시스템으로 수집된 정보는 개인정보 취급자 별 접근통제 및 데이터 암호화 등을 적용하고 있으며, 데이터에 대한 최신성·안전성·정확성 확보를 위하여 백업 체계를 마련하하여 운영하고 있음 - 정보주체가 수집 및 처리되는 개인정보의 현황을 쉽게 알 수 있도록 개인정보 처리방침을 게시하고 있음 | J96: 「개인정보보호관리지침」 제33조(안전조치의무) | K96: - 협력사관리시스템 회원관리 화면
D97: 3.2.3 | E97: 이용자 단말기 접근 보호 | F97: 정보주체(이용자)의 이동통신단말장치 내에 저장되어 있는 정보 및 이동통신단말장치에 설치된 기능에 접근이 필요한 경우 이를 명확하게 인지할 수 있도록 알리고 정보주체(이용자)의 동의를 받아야 한다. | G97: N/A | H97: ISMS-P | I97: ▶이동통신단말장치 內 서비스를 제공하지 않으므로 해당사항 없음 | J97: N/A | K97: N/A
D98: 3.2.4 | E98: 개인정보 목적 외 이용 및 제공 | F98: 개인정보는 수집 시의 정보주체에게 고지ㆍ동의를 받은 목적 또는 법령에 근거한 범위 내에서만 이용 또는 제공하여야 하며, 이를 초과하여 이용ㆍ제공하려는 때에는 정보주체의 추가 동의를 받거나 관계 법령에 따른 적법한 경우인지 확인하고 적절한 보호대책을 수립ㆍ이행하여야 한다. | G98: N/A | H98: ISMS-P | I98: ▶개인정보 목적 외 이용 및 제공 서비스가 존재하지 않으므로 해당사항 없음 | J98: N/A | K98: N/A
D99: 3.2.5 | E99: 가명정보 처리 | F99: 가명정보를 처리하는 경우 목적제한, 결합제한, 안전조치, 금지의무 등 법적 요건을 준수하고 적정 수준의 가명처리를 보장할 수 있도록 가명처리 절차를 수립ㆍ이행하여야 한다. | G99: N/A | H99: ISMS-P | I99: ▶서비스 제공을 위해 가명정보 처리를 하지 않으므로 해당사항 없음 | J99: N/A | K99: N/A
B100: 3.3. | C100: 개인정보 제공 시 보호조치 | D100: 3.3.1 | E100: 개인정보 제3자 제공 | F100: 개인정보를 제3자에게 제공하는 경우 법적 근거에 의하거나 정보주체의 동의를 받아야 하며, 제3자에게 개인정보의 접근을 허용하는 등 제공 과정에서 개인정보를 안전하게 보호하기 위한 보호대책을 수립ㆍ이행하여야 한다. | G100: N/A | H100: ISMS-P | I100: ▶개인정보를 제3자에게 제공하지 않으므로 해당사항 없음 | J100: N/A | K100: N/A
D101: 3.3.2 | E101: 개인정보 처리 업무 위탁 | F101: 개인정보 처리업무를 제3자에게 위탁하는 경우 위탁하는 업무의 내용과 수탁자 등 관련사항을 공개하여야 한다. 또한 재화 또는 서비스를 홍보하거나 판매를 권유하는 업무를 위탁하는 경우 위탁하는 업무의 내용과 수탁자를 정보주체에게 알려야 한다. | G101: Y | H101: ISMS-P | I101: ▶협력사별 사업공고에 따른 SMS알림메시지 및 전자세금계산서 발송을 목적으로 제3자에게 개인정보를 위탁하고 있으며, 개인정보처리방침을 통해 위탁 사항을 공개하고 있음 | J101: "「개인정보보호관리지침」 제26조(제26조 (업무위탁에 따른 개인정보의 처리제한) 제34조(개인정보 처리방침의 수립 및 공개) | K101: - 개인정보처리방침 - 수탁사 별 보안관리 약정서
D102: 3.3.3 | E102: 영업의 양도 등에 따른 개인정보 이전 | F102: 영업의 양도ㆍ합병 등으로 개인정보를 이전하거나 이전받는 경우 정보주체 통지 등 적절한 보호조치를 수립ㆍ이행하여야 한다. | G102: N/A | H102: ISMS-P | I102: ▶영업의 양도·합병 등으로 개인정보를 이전하거나, 이전받는 경우가 존재하지 않으므로 해당사항 없음 | J102: N/A | K102: N/A
...
